,Unnamed: 0,iso_code,continent,location,date,total_cases,new_cases,total_deaths,new_deaths
1187,211946,POL,Europe,Poland,2020-01-03,0,0,0,0
1188,211947,POL,Europe,Poland,2020-01-04,0,0,0,0
1189,211948,POL,Europe,Poland,2020-01-05,0,0,0,0
1190,211949,POL,Europe,Poland,2020-01-06,0,0,0,0
1191,211950,POL,Europe,Poland,2020-01-07,0,0,0,0
1192,211951,POL,Europe,Poland,2020-01-08,0,0,0,0
1193,211952,POL,Europe,Poland,2020-01-09,0,0,0,0
1194,211953,POL,Europe,Poland,2020-01-10,0,0,0,0
1195,211954,POL,Europe,Poland,2020-01-11,0,0,0,0
1196,211955,POL,Europe,Poland,2020-01-12,0,0,0,0
1197,211956,POL,Europe,Poland,2020-01-13,0,0,0,0
1198,211957,POL,Europe,Poland,2020-01-14,0,0,0,0
1199,211958,POL,Europe,Poland,2020-01-15,0,0,0,0
1200,211959,POL,Europe,Poland,2020-01-16,0,0,0,0
1201,211960,POL,Europe,Poland,2020-01-17,0,0,0,0
1202,211961,POL,Europe,Poland,2020-01-18,0,0,0,0
1203,211962,POL,Europe,Poland,2020-01-19,0,0,0,0
1204,211963,POL,Europe,Poland,2020-01-20,0,0,0,0
1205,211964,POL,Europe,Poland,2020-01-21,0,0,0,0
1206,211965,POL,Europe,Poland,2020-01-22,0,0,0,0
1207,211966,POL,Europe,Poland,2020-01-23,0,0,0,0
1208,211967,POL,Europe,Poland,2020-01-24,0,0,0,0
1209,211968,POL,Europe,Poland,2020-01-25,0,0,0,0
1210,211969,POL,Europe,Poland,2020-01-26,0,0,0,0
1211,211970,POL,Europe,Poland,2020-01-27,0,0,0,0
1212,211971,POL,Europe,Poland,2020-01-28,0,0,0,0
1213,211972,POL,Europe,Poland,2020-01-29,0,0,0,0
1214,211973,POL,Europe,Poland,2020-01-30,0,0,0,0
1215,211974,POL,Europe,Poland,2020-01-31,0,0,0,0
1216,211975,POL,Europe,Poland,2020-02-01,0,0,0,0
1217,211976,POL,Europe,Poland,2020-02-02,0,0,0,0
1218,211977,POL,Europe,Poland,2020-02-03,0,0,0,0
1219,211978,POL,Europe,Poland,2020-02-04,0,0,0,0
1220,211979,POL,Europe,Poland,2020-02-05,0,0,0,0
1221,211980,POL,Europe,Poland,2020-02-06,0,0,0,0
1222,211981,POL,Europe,Poland,2020-02-07,0,0,0,0
1223,211982,POL,Europe,Poland,2020-02-08,0,0,0,0
1224,211983,POL,Europe,Poland,2020-02-09,0,0,0,0
1225,211984,POL,Europe,Poland,2020-02-10,0,0,0,0
1226,211985,POL,Europe,Poland,2020-02-11,0,0,0,0
1227,211986,POL,Europe,Poland,2020-02-12,0,0,0,0
1228,211987,POL,Europe,Poland,2020-02-13,0,0,0,0
1229,211988,POL,Europe,Poland,2020-02-14,0,0,0,0
1230,211989,POL,Europe,Poland,2020-02-15,0,0,0,0
1231,211990,POL,Europe,Poland,2020-02-16,0,0,0,0
1232,211991,POL,Europe,Poland,2020-02-17,0,0,0,0
1233,211992,POL,Europe,Poland,2020-02-18,0,0,0,0
1234,211993,POL,Europe,Poland,2020-02-19,0,0,0,0
1235,211994,POL,Europe,Poland,2020-02-20,0,0,0,0
1236,211995,POL,Europe,Poland,2020-02-21,0,0,0,0
1237,211996,POL,Europe,Poland,2020-02-22,0,0,0,0
1238,211997,POL,Europe,Poland,2020-02-23,0,0,0,0
1239,211998,POL,Europe,Poland,2020-02-24,0,0,0,0
1240,211999,POL,Europe,Poland,2020-02-25,0,0,0,0
1241,212000,POL,Europe,Poland,2020-02-26,0,0,0,0
1242,212001,POL,Europe,Poland,2020-02-27,0,0,0,0
1243,212002,POL,Europe,Poland,2020-02-28,0,0,0,0
1244,212003,POL,Europe,Poland,2020-02-29,0,0,0,0
1245,212004,POL,Europe,Poland,2020-03-01,0,0,0,0
1246,212005,POL,Europe,Poland,2020-03-02,0,0,0,0
1247,212006,POL,Europe,Poland,2020-03-03,0,0,0,0
1248,212007,POL,Europe,Poland,2020-03-04,1,1,0,0
1249,212008,POL,Europe,Poland,2020-03-05,1,0,0,0
1250,212009,POL,Europe,Poland,2020-03-06,1,0,0,0
1251,212010,POL,Europe,Poland,2020-03-07,5,4,0,0
1252,212011,POL,Europe,Poland,2020-03-08,6,1,0,0
1253,212012,POL,Europe,Poland,2020-03-09,11,5,0,0
1254,212013,POL,Europe,Poland,2020-03-10,17,6,0,0
1255,212014,POL,Europe,Poland,2020-03-11,22,5,0,0
1256,212015,POL,Europe,Poland,2020-03-12,31,9,0,0
1257,212016,POL,Europe,Poland,2020-03-13,51,20,1,1
1258,212017,POL,Europe,Poland,2020-03-14,68,17,2,1
1259,212018,POL,Europe,Poland,2020-03-15,103,35,3,1
1260,212019,POL,Europe,Poland,2020-03-16,124,21,3,0
1261,212020,POL,Europe,Poland,2020-03-17,176,52,4,1
1262,212021,POL,Europe,Poland,2020-03-18,237,61,5,1
1263,212022,POL,Europe,Poland,2020-03-19,285,48,5,0
1264,212023,POL,Europe,Poland,2020-03-20,353,68,5,0
1265,212024,POL,Europe,Poland,2020-03-21,423,70,5,0
1266,212025,POL,Europe,Poland,2020-03-22,534,111,5,0
1267,212026,POL,Europe,Poland,2020-03-23,633,99,7,2
1268,212027,POL,Europe,Poland,2020-03-24,748,115,8,1
1269,212028,POL,Europe,Poland,2020-03-25,900,152,10,2
1270,212029,POL,Europe,Poland,2020-03-26,1051,151,13,3
1271,212030,POL,Europe,Poland,2020-03-27,1221,170,16,3
1272,212031,POL,Europe,Poland,2020-03-28,1389,168,16,0
1273,212032,POL,Europe,Poland,2020-03-29,1638,249,18,2
1274,212033,POL,Europe,Poland,2020-03-30,1862,224,22,4
1275,212034,POL,Europe,Poland,2020-03-31,2055,193,31,9
1276,212035,POL,Europe,Poland,2020-04-01,2311,256,33,2
1277,212036,POL,Europe,Poland,2020-04-02,2554,243,43,10
1278,212037,POL,Europe,Poland,2020-04-03,2946,392,57,14
1279,212038,POL,Europe,Poland,2020-04-04,3383,437,71,14
1280,212039,POL,Europe,Poland,2020-04-05,3627,244,79,8
1281,212040,POL,Europe,Poland,2020-04-06,4102,475,94,15
1282,212041,POL,Europe,Poland,2020-04-07,4413,311,103,9
1283,212042,POL,Europe,Poland,2020-04-08,4848,435,129,26
1284,212043,POL,Europe,Poland,2020-04-09,5204,356,158,29
1285,212044,POL,Europe,Poland,2020-04-10,5574,370,174,16
1286,212045,POL,Europe,Poland,2020-04-11,5954,380,181,7
1287,212046,POL,Europe,Poland,2020-04-12,6355,401,208,27
1288,212047,POL,Europe,Poland,2020-04-13,6673,318,231,23
1289,212048,POL,Europe,Poland,2020-04-14,6933,260,244,13
1290,212049,POL,Europe,Poland,2020-04-15,7202,269,262,18
1291,212050,POL,Europe,Poland,2020-04-16,7582,380,284,22
1292,212051,POL,Europe,Poland,2020-04-17,7918,336,312,28
1293,212052,POL,Europe,Poland,2020-04-18,8379,461,330,18
1294,212053,POL,Europe,Poland,2020-04-19,8742,363,345,15
1295,212054,POL,Europe,Poland,2020-04-20,9287,545,358,13
1296,212055,POL,Europe,Poland,2020-04-21,9593,306,378,20
1297,212056,POL,Europe,Poland,2020-04-22,9856,263,398,20
1298,212057,POL,Europe,Poland,2020-04-23,10169,313,423,25
1299,212058,POL,Europe,Poland,2020-04-24,10511,342,451,28
1300,212059,POL,Europe,Poland,2020-04-25,10892,381,491,40
1301,212060,POL,Europe,Poland,2020-04-26,11273,381,521,30
1302,212061,POL,Europe,Poland,2020-04-27,11617,344,533,12
1303,212062,POL,Europe,Poland,2020-04-28,11902,285,560,27
1304,212063,POL,Europe,Poland,2020-04-29,12218,316,594,34
1305,212064,POL,Europe,Poland,2020-04-30,12640,422,622,28
1306,212065,POL,Europe,Poland,2020-05-01,12877,237,642,20
1307,212066,POL,Europe,Poland,2020-05-02,13105,228,649,7
1308,212067,POL,Europe,Poland,2020-05-03,13375,270,661,12
1309,212068,POL,Europe,Poland,2020-05-04,13693,318,676,15
1310,212069,POL,Europe,Poland,2020-05-05,14006,313,695,19
1311,212070,POL,Europe,Poland,2020-05-06,14431,425,714,19
1312,212071,POL,Europe,Poland,2020-05-07,14740,309,732,18
1313,212072,POL,Europe,Poland,2020-05-08,15047,307,754,22
1314,212073,POL,Europe,Poland,2020-05-09,15366,319,774,20
1315,212074,POL,Europe,Poland,2020-05-10,15651,285,783,9
1316,212075,POL,Europe,Poland,2020-05-11,15996,345,798,15
1317,212076,POL,Europe,Poland,2020-05-12,16326,330,809,11
1318,212077,POL,Europe,Poland,2020-05-13,16921,595,837,28
1319,212078,POL,Europe,Poland,2020-05-14,17204,283,860,23
1320,212079,POL,Europe,Poland,2020-05-15,17615,411,882,22
1321,212080,POL,Europe,Poland,2020-05-16,18016,401,906,24
1322,212081,POL,Europe,Poland,2020-05-17,18257,241,914,8
1323,212082,POL,Europe,Poland,2020-05-18,18529,272,924,10
1324,212083,POL,Europe,Poland,2020-05-19,18885,356,935,11
1325,212084,POL,Europe,Poland,2020-05-20,19268,383,947,12
1326,212085,POL,Europe,Poland,2020-05-21,19739,471,961,14
1327,212086,POL,Europe,Poland,2020-05-22,20143,404,971,10
1328,212087,POL,Europe,Poland,2020-05-23,20619,476,981,10
1329,212088,POL,Europe,Poland,2020-05-24,20931,312,992,11
1330,212089,POL,Europe,Poland,2020-05-25,21326,395,995,3
1331,212090,POL,Europe,Poland,2020-05-26,21631,305,1006,11
1332,212091,POL,Europe,Poland,2020-05-27,22074,443,1023,17
1333,212092,POL,Europe,Poland,2020-05-28,22473,399,1027,4
1334,212093,POL,Europe,Poland,2020-05-29,22825,352,1037,10
1335,212094,POL,Europe,Poland,2020-05-30,23155,330,1050,13
1336,212095,POL,Europe,Poland,2020-05-31,23571,416,1060,10
1337,212096,POL,Europe,Poland,2020-06-01,23786,215,1063,3
1338,212097,POL,Europe,Poland,2020-06-02,24165,379,1073,10
1339,212098,POL,Europe,Poland,2020-06-03,24395,230,1091,18
1340,212099,POL,Europe,Poland,2020-06-04,24687,292,1114,23
1341,212100,POL,Europe,Poland,2020-06-05,25048,361,1116,2
1342,212101,POL,Europe,Poland,2020-06-06,25410,362,1136,20
1343,212102,POL,Europe,Poland,2020-06-07,25986,576,1150,14
1344,212103,POL,Europe,Poland,2020-06-08,26561,575,1154,4
1345,212104,POL,Europe,Poland,2020-06-09,27160,599,1163,9
1346,212105,POL,Europe,Poland,2020-06-10,27560,400,1182,19
1347,212106,POL,Europe,Poland,2020-06-11,27842,282,1205,23
1348,212107,POL,Europe,Poland,2020-06-12,28201,359,1214,9
1349,212108,POL,Europe,Poland,2020-06-13,28577,376,1221,7
1350,212109,POL,Europe,Poland,2020-06-14,29017,440,1236,15
1351,212110,POL,Europe,Poland,2020-06-15,29392,375,1246,10
1352,212111,POL,Europe,Poland,2020-06-16,29788,396,1255,9
1353,212112,POL,Europe,Poland,2020-06-17,30195,407,1271,16
1354,212113,POL,Europe,Poland,2020-06-18,30701,506,1285,14
1355,212114,POL,Europe,Poland,2020-06-19,31015,314,1315,30
1356,212115,POL,Europe,Poland,2020-06-20,31316,301,1333,18
1357,212116,POL,Europe,Poland,2020-06-21,31620,304,1345,12
1358,212117,POL,Europe,Poland,2020-06-22,31931,311,1355,10
1359,212118,POL,Europe,Poland,2020-06-23,32227,296,1358,3
1360,212119,POL,Europe,Poland,2020-06-24,32527,300,1374,16
1361,212120,POL,Europe,Poland,2020-06-25,32821,294,1395,21
1362,212121,POL,Europe,Poland,2020-06-26,33119,298,1411,16
1363,212122,POL,Europe,Poland,2020-06-27,33395,276,1428,17
1364,212123,POL,Europe,Poland,2020-06-28,33714,319,1434,6
1365,212124,POL,Europe,Poland,2020-06-29,33907,193,1438,4
1366,212125,POL,Europe,Poland,2020-06-30,34154,247,1444,6
1367,212126,POL,Europe,Poland,2020-07-01,34393,239,1463,19
1368,212127,POL,Europe,Poland,2020-07-02,34775,382,1477,14
1369,212128,POL,Europe,Poland,2020-07-03,35146,371,1492,15
1370,212129,POL,Europe,Poland,2020-07-04,35405,259,1506,14
1371,212130,POL,Europe,Poland,2020-07-05,35719,314,1511,5
1372,212131,POL,Europe,Poland,2020-07-06,35950,231,1516,5
1373,212132,POL,Europe,Poland,2020-07-07,36155,205,1520,4
1374,212133,POL,Europe,Poland,2020-07-08,36412,257,1527,7
1375,212134,POL,Europe,Poland,2020-07-09,36689,277,1542,15
1376,212135,POL,Europe,Poland,2020-07-10,36951,262,1551,9
1377,212136,POL,Europe,Poland,2020-07-11,37216,265,1562,11
1378,212137,POL,Europe,Poland,2020-07-12,37521,305,1568,6
1379,212138,POL,Europe,Poland,2020-07-13,37891,370,1571,3
1380,212139,POL,Europe,Poland,2020-07-14,38190,299,1576,5
1381,212140,POL,Europe,Poland,2020-07-15,38457,267,1588,12
1382,212141,POL,Europe,Poland,2020-07-16,38721,264,1594,6
1383,212142,POL,Europe,Poland,2020-07-17,39054,333,1604,10
1384,212143,POL,Europe,Poland,2020-07-18,39407,353,1611,7
1385,212144,POL,Europe,Poland,2020-07-19,39746,339,1617,6
1386,212145,POL,Europe,Poland,2020-07-20,40104,358,1623,6
1387,212146,POL,Europe,Poland,2020-07-21,40383,279,1627,4
1388,212147,POL,Europe,Poland,2020-07-22,40782,399,1636,9
1389,212148,POL,Europe,Poland,2020-07-23,41162,380,1642,6
1390,212149,POL,Europe,Poland,2020-07-24,41580,418,1651,9
1391,212150,POL,Europe,Poland,2020-07-25,42038,458,1655,4
1392,212151,POL,Europe,Poland,2020-07-26,42622,584,1664,9
1393,212152,POL,Europe,Poland,2020-07-27,43065,443,1671,7
1394,212153,POL,Europe,Poland,2020-07-28,43402,337,1676,5
1395,212154,POL,Europe,Poland,2020-07-29,43904,502,1682,6
1396,212155,POL,Europe,Poland,2020-07-30,44416,512,1694,12
1397,212156,POL,Europe,Poland,2020-07-31,45031,615,1709,15
1398,212157,POL,Europe,Poland,2020-08-01,45688,657,1716,7
1399,212158,POL,Europe,Poland,2020-08-02,46346,658,1721,5
1400,212159,POL,Europe,Poland,2020-08-03,46894,548,1731,10
1401,212160,POL,Europe,Poland,2020-08-04,47469,575,1732,1
1402,212161,POL,Europe,Poland,2020-08-05,48149,680,1738,6
1403,212162,POL,Europe,Poland,2020-08-06,48789,640,1756,18
1404,212163,POL,Europe,Poland,2020-08-07,49515,726,1774,18
1405,212164,POL,Europe,Poland,2020-08-08,50324,809,1787,13
1406,212165,POL,Europe,Poland,2020-08-09,51167,843,1800,13
1407,212166,POL,Europe,Poland,2020-08-10,51791,624,1807,7
1408,212167,POL,Europe,Poland,2020-08-11,52410,619,1809,2
1409,212168,POL,Europe,Poland,2020-08-12,52961,551,1821,12
1410,212169,POL,Europe,Poland,2020-08-13,53676,715,1830,9
1411,212170,POL,Europe,Poland,2020-08-14,54487,811,1843,13
1412,212171,POL,Europe,Poland,2020-08-15,55319,832,1858,15
1413,212172,POL,Europe,Poland,2020-08-16,56090,771,1869,11
1414,212173,POL,Europe,Poland,2020-08-17,56684,594,1877,8
1415,212174,POL,Europe,Poland,2020-08-18,57279,595,1885,8
1416,212175,POL,Europe,Poland,2020-08-19,57876,597,1896,11
1417,212176,POL,Europe,Poland,2020-08-20,58611,735,1913,17
1418,212177,POL,Europe,Poland,2020-08-21,59378,767,1925,12
1419,212178,POL,Europe,Poland,2020-08-22,60281,903,1938,13
1420,212179,POL,Europe,Poland,2020-08-23,61181,900,1951,13
1421,212180,POL,Europe,Poland,2020-08-24,61762,581,1955,4
1422,212181,POL,Europe,Poland,2020-08-25,62310,548,1960,5
1423,212182,POL,Europe,Poland,2020-08-26,63073,763,1977,17
1424,212183,POL,Europe,Poland,2020-08-27,63802,729,1994,17
1425,212184,POL,Europe,Poland,2020-08-28,64689,887,2009,15
1426,212185,POL,Europe,Poland,2020-08-29,65480,791,2018,9
1427,212186,POL,Europe,Poland,2020-08-30,66239,759,2032,14
1428,212187,POL,Europe,Poland,2020-08-31,66870,631,2033,1
1429,212188,POL,Europe,Poland,2020-09-01,67372,502,2039,6
1430,212189,POL,Europe,Poland,2020-09-02,67922,550,2058,19
1431,212190,POL,Europe,Poland,2020-09-03,68517,595,2078,20
1432,212191,POL,Europe,Poland,2020-09-04,69129,612,2092,14
1433,212192,POL,Europe,Poland,2020-09-05,69820,691,2100,8
1434,212193,POL,Europe,Poland,2020-09-06,70387,567,2113,13
1435,212194,POL,Europe,Poland,2020-09-07,70824,437,2120,7
1436,212195,POL,Europe,Poland,2020-09-08,71126,302,2123,3
1437,212196,POL,Europe,Poland,2020-09-09,71526,400,2135,12
1438,212197,POL,Europe,Poland,2020-09-10,71947,421,2146,11
1439,212198,POL,Europe,Poland,2020-09-11,72453,506,2158,12
1440,212199,POL,Europe,Poland,2020-09-12,73047,594,2168,10
1441,212200,POL,Europe,Poland,2020-09-13,73650,603,2181,13
1442,212201,POL,Europe,Poland,2020-09-14,74152,502,2187,6
1443,212202,POL,Europe,Poland,2020-09-15,74529,377,2202,15
1444,212203,POL,Europe,Poland,2020-09-16,75134,605,2226,24
1445,212204,POL,Europe,Poland,2020-09-17,75734,600,2236,10
1446,212205,POL,Europe,Poland,2020-09-18,76571,837,2252,16
1447,212206,POL,Europe,Poland,2020-09-19,77328,757,2269,17
1448,212207,POL,Europe,Poland,2020-09-20,78330,1002,2281,12
1449,212208,POL,Europe,Poland,2020-09-21,79240,910,2292,11
1450,212209,POL,Europe,Poland,2020-09-22,79988,748,2297,5
1451,212210,POL,Europe,Poland,2020-09-23,80699,711,2315,18
1452,212211,POL,Europe,Poland,2020-09-24,81673,974,2343,28
1453,212212,POL,Europe,Poland,2020-09-25,82809,1136,2368,25
1454,212213,POL,Europe,Poland,2020-09-26,84396,1587,2391,23
1455,212214,POL,Europe,Poland,2020-09-27,85980,1584,2423,32
1456,212215,POL,Europe,Poland,2020-09-28,87330,1350,2431,8
1457,212216,POL,Europe,Poland,2020-09-29,88636,1306,2446,15
1458,212217,POL,Europe,Poland,2020-09-30,89962,1326,2482,36
1459,212218,POL,Europe,Poland,2020-10-01,91514,1552,2512,30
1460,212219,POL,Europe,Poland,2020-10-02,93481,1967,2542,30
1461,212220,POL,Europe,Poland,2020-10-03,95773,2292,2569,27
1462,212221,POL,Europe,Poland,2020-10-04,98140,2367,2603,34
1463,212222,POL,Europe,Poland,2020-10-05,100074,1934,2629,26
1464,212223,POL,Europe,Poland,2020-10-06,102080,2006,2658,29
1465,212224,POL,Europe,Poland,2020-10-07,104316,2236,2716,58
1466,212225,POL,Europe,Poland,2020-10-08,107319,3003,2791,75
1467,212226,POL,Europe,Poland,2020-10-09,111599,4280,2867,76
1468,212227,POL,Europe,Poland,2020-10-10,116338,4739,2919,52
1469,212228,POL,Europe,Poland,2020-10-11,121638,5300,2972,53
1470,212229,POL,Europe,Poland,2020-10-12,125816,4178,3004,32
1471,212230,POL,Europe,Poland,2020-10-13,130210,4394,3039,35
1472,212231,POL,Europe,Poland,2020-10-14,135278,5068,3102,63
1473,212232,POL,Europe,Poland,2020-10-15,141804,6526,3218,116
1474,212233,POL,Europe,Poland,2020-10-16,149903,8099,3309,91
1475,212234,POL,Europe,Poland,2020-10-17,157608,7705,3441,132
1476,212235,POL,Europe,Poland,2020-10-18,167230,9622,3525,84
1477,212236,POL,Europe,Poland,2020-10-19,175766,8536,3574,49
1478,212237,POL,Europe,Poland,2020-10-20,183248,7482,3615,41
1479,212238,POL,Europe,Poland,2020-10-21,192539,9291,3722,107
1480,212239,POL,Europe,Poland,2020-10-22,202579,10040,3851,129
1481,212240,POL,Europe,Poland,2020-10-23,214686,12107,4019,168
1482,212241,POL,Europe,Poland,2020-10-24,228318,13632,4172,153
1483,212242,POL,Europe,Poland,2020-10-25,241946,13628,4315,143
1484,212243,POL,Europe,Poland,2020-10-26,253688,11742,4438,123
1485,212244,POL,Europe,Poland,2020-10-27,263929,10241,4483,45
1486,212245,POL,Europe,Poland,2020-10-28,280229,16300,4615,132
1487,212246,POL,Europe,Poland,2020-10-29,299049,18820,4849,234
1488,212247,POL,Europe,Poland,2020-10-30,319205,20156,5149,300
1489,212248,POL,Europe,Poland,2020-10-31,342834,23629,5351,202
1490,212249,POL,Europe,Poland,2020-11-01,366731,23897,5631,280
1491,212250,POL,Europe,Poland,2020-11-02,385902,19171,5783,152
1492,212251,POL,Europe,Poland,2020-11-03,403480,17578,5875,92
1493,212252,POL,Europe,Poland,2020-11-04,424844,21364,6102,227
1494,212253,POL,Europe,Poland,2020-11-05,451536,26692,6475,373
1495,212254,POL,Europe,Poland,2020-11-06,480679,29143,6842,367
1496,212255,POL,Europe,Poland,2020-11-07,509765,29086,7287,445
1497,212256,POL,Europe,Poland,2020-11-08,539640,29875,7636,349
1498,212257,POL,Europe,Poland,2020-11-09,566425,26785,7872,236
1499,212258,POL,Europe,Poland,2020-11-10,590138,23713,8045,173
1500,212259,POL,Europe,Poland,2020-11-11,617592,27454,8375,330
1501,212260,POL,Europe,Poland,2020-11-12,644813,27221,8805,430
1502,212261,POL,Europe,Poland,2020-11-13,669496,24683,9080,275
1503,212262,POL,Europe,Poland,2020-11-14,695547,26051,9499,419
1504,212263,POL,Europe,Poland,2020-11-15,723118,27571,10045,546
1505,212264,POL,Europe,Poland,2020-11-16,746972,23854,10348,303
1506,212265,POL,Europe,Poland,2020-11-17,771679,24707,10491,143
1507,212266,POL,Europe,Poland,2020-11-18,792831,21152,10848,357
1508,212267,POL,Europe,Poland,2020-11-19,812714,19883,11451,603
1509,212268,POL,Europe,Poland,2020-11-20,836689,23975,12088,637
1510,212269,POL,Europe,Poland,2020-11-21,859153,22464,12714,626
1511,212270,POL,Europe,Poland,2020-11-22,883366,24213,13288,574
1512,212271,POL,Europe,Poland,2020-11-23,901222,17856,13618,330
1513,212272,POL,Europe,Poland,2020-11-24,911363,10141,14346,728
1514,212273,POL,Europe,Poland,2020-11-25,926723,15360,15020,674
1515,212274,POL,Europe,Poland,2020-11-26,943569,16846,15600,580
1516,212275,POL,Europe,Poland,2020-11-27,960628,17059,16179,579
1517,212276,POL,Europe,Poland,2020-11-28,975811,15183,16778,599
1518,212277,POL,Europe,Poland,2020-11-29,987294,11483,17061,283
1519,212278,POL,Europe,Poland,2020-11-30,993028,5734,17182,121
1520,212279,POL,Europe,Poland,2020-12-01,1002094,9066,17631,449
1521,212280,POL,Europe,Poland,2020-12-02,1015964,13870,18240,609
1522,212281,POL,Europe,Poland,2020-12-03,1030802,14838,18860,620
1523,212282,POL,Europe,Poland,2020-12-04,1044032,13230,19391,531
1524,212283,POL,Europe,Poland,2020-12-05,1056462,12430,19893,502
1525,212284,POL,Europe,Poland,2020-12-06,1065637,9175,20121,228
1526,212285,POL,Europe,Poland,2020-12-07,1070061,4424,20213,92
1527,212286,POL,Europe,Poland,2020-12-08,1078376,8315,20624,411
1528,212287,POL,Europe,Poland,2020-12-09,1090540,12164,21192,568
1529,212288,POL,Europe,Poland,2020-12-10,1104287,13747,21662,470
1530,212289,POL,Europe,Poland,2020-12-11,1117392,13105,22206,544
1531,212290,POL,Europe,Poland,2020-12-12,1128890,11498,22708,502
1532,212291,POL,Europe,Poland,2020-12-13,1137868,8978,22896,188
1533,212292,POL,Europe,Poland,2020-12-14,1142726,4858,22992,96
1534,212293,POL,Europe,Poland,2020-12-15,1149634,6908,23341,349
1535,212294,POL,Europe,Poland,2020-12-16,1162081,12447,23946,605
1536,212295,POL,Europe,Poland,2020-12-17,1174034,11953,24377,431
1537,212296,POL,Europe,Poland,2020-12-18,1185026,10992,24803,426
1538,212297,POL,Europe,Poland,2020-12-19,1196287,11261,25286,483
1539,212298,POL,Europe,Poland,2020-12-20,1204880,8593,25429,143
1540,212299,POL,Europe,Poland,2020-12-21,1209513,4633,25506,77
1541,212300,POL,Europe,Poland,2020-12-22,1216703,7190,25815,309
1542,212301,POL,Europe,Poland,2020-12-23,1229066,12363,26287,472
1543,212302,POL,Europe,Poland,2020-12-24,1242180,13114,26839,552
1544,212303,POL,Europe,Poland,2020-12-25,1251257,9077,27083,244
1545,212304,POL,Europe,Poland,2020-12-26,1256305,5048,27151,68
1546,212305,POL,Europe,Poland,2020-12-27,1259983,3678,27207,56
1547,212306,POL,Europe,Poland,2020-12-28,1263194,3211,27234,27
1548,212307,POL,Europe,Poland,2020-12-29,1271108,7914,27545,311
1549,212308,POL,Europe,Poland,2020-12-30,1284063,12955,28110,565
1550,212309,POL,Europe,Poland,2020-12-31,1297460,13397,28642,532
1551,212310,POL,Europe,Poland,2021-01-01,1308468,11008,29042,400
1552,212311,POL,Europe,Poland,2021-01-02,1315413,6945,29144,102
1553,212312,POL,Europe,Poland,2021-01-03,1321152,5739,29205,61
1554,212313,POL,Europe,Poland,2021-01-04,1325584,4432,29247,42
1555,212314,POL,Europe,Poland,2021-01-05,1333208,7624,29588,341
1556,212315,POL,Europe,Poland,2021-01-06,1347359,14151,30141,553
1557,212316,POL,Europe,Poland,2021-01-07,1359413,12054,30327,186
1558,212317,POL,Europe,Poland,2021-01-08,1368203,8790,30659,332
1559,212318,POL,Europe,Poland,2021-01-09,1378751,10548,31097,438
1560,212319,POL,Europe,Poland,2021-01-10,1388161,9410,31274,177
1561,212320,POL,Europe,Poland,2021-01-11,1392783,4622,31349,75
1562,212321,POL,Europe,Poland,2021-01-12,1398352,5569,31675,326
1563,212322,POL,Europe,Poland,2021-01-13,1407405,9053,32156,481
1564,212323,POL,Europe,Poland,2021-01-14,1416841,9436,32537,381
1565,212324,POL,Europe,Poland,2021-01-15,1424636,7795,32923,386
1566,212325,POL,Europe,Poland,2021-01-16,1432048,7412,33292,369
1567,212326,POL,Europe,Poland,2021-01-17,1438103,6055,33434,142
1568,212327,POL,Europe,Poland,2021-01-18,1441374,3271,33486,52
1569,212328,POL,Europe,Poland,2021-01-19,1446209,4835,33777,291
1570,212329,POL,Europe,Poland,2021-01-20,1453128,6919,34220,443
1571,212330,POL,Europe,Poland,2021-01-21,1460280,7152,34639,419
1572,212331,POL,Europe,Poland,2021-01-22,1466920,6640,34985,346
1573,212332,POL,Europe,Poland,2021-01-23,1473242,6322,35331,346
1574,212333,POL,Europe,Poland,2021-01-24,1477925,4683,35441,110
1575,212334,POL,Europe,Poland,2021-01-25,1480344,2419,35479,38
1576,212335,POL,Europe,Poland,2021-01-26,1484948,4604,35743,264
1577,212336,POL,Europe,Poland,2021-01-27,1491737,6789,36132,389
1578,212337,POL,Europe,Poland,2021-01-28,1498893,7156,36521,389
1579,212338,POL,Europe,Poland,2021-01-29,1505037,6144,36857,336
1580,212339,POL,Europe,Poland,2021-01-30,1510901,5864,37160,303
1581,212340,POL,Europe,Poland,2021-01-31,1515607,4706,37258,98
1582,212341,POL,Europe,Poland,2021-02-01,1518110,2503,37300,42
1583,212342,POL,Europe,Poland,2021-02-02,1522436,4326,37553,253
1584,212343,POL,Europe,Poland,2021-02-03,1529238,6802,37974,421
1585,212344,POL,Europe,Poland,2021-02-04,1535734,6496,38418,444
1586,212345,POL,Europe,Poland,2021-02-05,1541787,6053,38786,368
1587,212346,POL,Europe,Poland,2021-02-06,1547752,5965,39069,283
1588,212347,POL,Europe,Poland,2021-02-07,1552480,4728,39162,93
1589,212348,POL,Europe,Poland,2021-02-08,1554911,2431,39207,45
1590,212349,POL,Europe,Poland,2021-02-09,1558940,4029,39434,227
1591,212350,POL,Europe,Poland,2021-02-10,1565870,6930,39794,360
1592,212351,POL,Europe,Poland,2021-02-11,1572878,7008,40250,456
1593,212352,POL,Europe,Poland,2021-02-12,1579257,6379,40497,247
1594,212353,POL,Europe,Poland,2021-02-13,1585843,6586,40781,284
1595,212354,POL,Europe,Poland,2021-02-14,1591177,5334,40879,98
1596,212355,POL,Europe,Poland,2021-02-15,1593720,2543,40904,25
1597,212356,POL,Europe,Poland,2021-02-16,1598898,5178,41100,196
1598,212357,POL,Europe,Poland,2021-02-17,1607592,8694,41379,279
1599,212358,POL,Europe,Poland,2021-02-18,1616665,9073,41652,273
1600,212359,POL,Europe,Poland,2021-02-19,1625442,8777,41893,241
1601,212360,POL,Europe,Poland,2021-02-20,1633952,8510,42147,254
1602,212361,POL,Europe,Poland,2021-02-21,1640990,7038,42241,94
1603,212362,POL,Europe,Poland,2021-02-22,1644880,3890,42258,17
1604,212363,POL,Europe,Poland,2021-02-23,1651190,6310,42505,247
1605,212364,POL,Europe,Poland,2021-02-24,1663336,12146,42877,372
1606,212365,POL,Europe,Poland,2021-02-25,1675478,12142,43163,286
1607,212366,POL,Europe,Poland,2021-02-26,1687017,11539,43422,259
1608,212367,POL,Europe,Poland,2021-02-27,1699117,12100,43725,303
1609,212368,POL,Europe,Poland,2021-02-28,1709216,10099,43839,114
1610,212369,POL,Europe,Poland,2021-03-01,1714002,4786,43863,24
1611,212370,POL,Europe,Poland,2021-03-02,1721939,7937,44079,216
1612,212371,POL,Europe,Poland,2021-03-03,1737637,15698,44388,309
1613,212372,POL,Europe,Poland,2021-03-04,1752887,15250,44677,289
1614,212373,POL,Europe,Poland,2021-03-05,1768716,15829,44940,263
1615,212374,POL,Europe,Poland,2021-03-06,1783573,14857,45185,245
1616,212375,POL,Europe,Poland,2021-03-07,1797147,13574,45311,126
1617,212376,POL,Europe,Poland,2021-03-08,1803317,6170,45343,32
1618,212377,POL,Europe,Poland,2021-03-09,1813271,9954,45625,282
1619,212378,POL,Europe,Poland,2021-03-10,1830531,17260,46023,398
1620,212379,POL,Europe,Poland,2021-03-11,1851576,21045,46398,375
1621,212380,POL,Europe,Poland,2021-03-12,1870351,18775,46749,351
1622,212381,POL,Europe,Poland,2021-03-13,1891400,21049,47092,343
1623,212382,POL,Europe,Poland,2021-03-14,1908659,17259,47202,110
1624,212383,POL,Europe,Poland,2021-03-15,1919555,10896,47230,28
1625,212384,POL,Europe,Poland,2021-03-16,1933951,14396,47602,372
1626,212385,POL,Europe,Poland,2021-03-17,1959003,25052,48055,453
1627,212386,POL,Europe,Poland,2021-03-18,1986281,27278,48411,356
1628,212387,POL,Europe,Poland,2021-03-19,2012279,25998,48830,419
1629,212388,POL,Europe,Poland,2021-03-20,2038684,26405,49179,349
1630,212389,POL,Europe,Poland,2021-03-21,2060533,21849,49319,140
1631,212390,POL,Europe,Poland,2021-03-22,2075111,14578,49384,65
1632,212391,POL,Europe,Poland,2021-03-23,2091852,16741,49780,396
1633,212392,POL,Europe,Poland,2021-03-24,2121830,29978,50355,575
1634,212393,POL,Europe,Poland,2021-03-25,2155981,34151,50875,520
1635,212394,POL,Europe,Poland,2021-03-26,2191124,35143,51318,443
1636,212395,POL,Europe,Poland,2021-03-27,2222881,31757,51766,448
1637,212396,POL,Europe,Poland,2021-03-28,2252134,29253,51897,131
1638,212397,POL,Europe,Poland,2021-03-29,2269099,16965,51945,48
1639,212398,POL,Europe,Poland,2021-03-30,2289969,20870,52406,461
1640,212399,POL,Europe,Poland,2021-03-31,2322843,32874,53059,653
1641,212400,POL,Europe,Poland,2021-04-01,2358094,35251,53680,621
1642,212401,POL,Europe,Poland,2021-04-02,2388640,30546,54177,497
1643,212402,POL,Europe,Poland,2021-04-03,2416713,28073,54748,571
1644,212403,POL,Europe,Poland,2021-04-04,2439660,22947,54952,204
1645,212404,POL,Europe,Poland,2021-04-05,2449562,9902,55016,64
1646,212405,POL,Europe,Poland,2021-04-06,2457807,8245,55076,60
1647,212406,POL,Europe,Poland,2021-04-07,2472717,14910,55714,638
1648,212407,POL,Europe,Poland,2021-04-08,2500604,27887,56668,954
1649,212408,POL,Europe,Poland,2021-04-09,2529091,28487,57436,768
1650,212409,POL,Europe,Poland,2021-04-10,2553947,24856,58185,749
1651,212410,POL,Europe,Poland,2021-04-11,2575650,21703,58430,245
1652,212411,POL,Europe,Poland,2021-04-12,2587663,12013,58491,61
1653,212412,POL,Europe,Poland,2021-04-13,2600890,13227,59135,644
1654,212413,POL,Europe,Poland,2021-04-14,2622173,21283,59938,803
1655,212414,POL,Europe,Poland,2021-04-15,2643303,21130,60620,682
1656,212415,POL,Europe,Poland,2021-04-16,2661150,17847,61215,595
1657,212416,POL,Europe,Poland,2021-04-17,2676913,15763,61831,616
1658,212417,POL,Europe,Poland,2021-04-18,2689066,12153,62038,207
1659,212418,POL,Europe,Poland,2021-04-19,2696349,7283,62139,101
1660,212419,POL,Europe,Poland,2021-04-20,2705595,9246,62740,601
1661,212420,POL,Europe,Poland,2021-04-21,2719521,13926,63480,740
1662,212421,POL,Europe,Poland,2021-04-22,2732283,12762,64174,694
1663,212422,POL,Europe,Poland,2021-04-23,2743141,10858,64713,539
1664,212423,POL,Europe,Poland,2021-04-24,2752646,9505,65226,513
1665,212424,POL,Europe,Poland,2021-04-25,2759865,7219,65419,193
1666,212425,POL,Europe,Poland,2021-04-26,2763316,3451,65441,22
1667,212426,POL,Europe,Poland,2021-04-27,2769025,5709,65901,460
1668,212427,POL,Europe,Poland,2021-04-28,2777920,8895,66537,636
1669,212428,POL,Europe,Poland,2021-04-29,2786347,8427,67078,541
1670,212429,POL,Europe,Poland,2021-04-30,2793143,6796,67507,429
1671,212430,POL,Europe,Poland,2021-05-01,2799612,6469,67930,423
1672,212431,POL,Europe,Poland,2021-05-02,2804224,4612,68074,144
1673,212432,POL,Europe,Poland,2021-05-03,2806749,2525,68111,37
1674,212433,POL,Europe,Poland,2021-05-04,2809045,2296,68139,28
1675,212434,POL,Europe,Poland,2021-05-05,2812941,3896,68488,349
1676,212435,POL,Europe,Poland,2021-05-06,2819372,6431,68998,510
1677,212436,POL,Europe,Poland,2021-05-07,2825419,6047,69451,453
1678,212437,POL,Europe,Poland,2021-05-08,2830184,4765,69872,421
1679,212438,POL,Europe,Poland,2021-05-09,2834036,3852,70019,147
1680,212439,POL,Europe,Poland,2021-05-10,2836068,2032,70041,22
1681,212440,POL,Europe,Poland,2021-05-11,2839166,3098,70360,319
1682,212441,POL,Europe,Poland,2021-05-12,2843421,4255,70703,343
1683,212442,POL,Europe,Poland,2021-05-13,2847151,3730,71045,342
1684,212443,POL,Europe,Poland,2021-05-14,2850439,3288,71334,289
1685,212444,POL,Europe,Poland,2021-05-15,2853335,2896,71632,298
1686,212445,POL,Europe,Poland,2021-05-16,2855502,2167,71687,55
1687,212446,POL,Europe,Poland,2021-05-17,2856611,1109,71698,11
1688,212447,POL,Europe,Poland,2021-05-18,2858345,1734,71943,245
1689,212448,POL,Europe,Poland,2021-05-19,2860689,2344,72272,329
1690,212449,POL,Europe,Poland,2021-05-20,2862775,2086,72522,250
1691,212450,POL,Europe,Poland,2021-05-21,2864454,1679,72713,191
1692,212451,POL,Europe,Poland,2021-05-22,2865970,1516,72904,191
1693,212452,POL,Europe,Poland,2021-05-23,2867045,1075,72950,46
1694,212453,POL,Europe,Poland,2021-05-24,2867604,559,72967,17
1695,212454,POL,Europe,Poland,2021-05-25,2868604,1000,73118,151
1696,212455,POL,Europe,Poland,2021-05-26,2869871,1267,73327,209
1697,212456,POL,Europe,Poland,2021-05-27,2871101,1230,73462,135
1698,212457,POL,Europe,Poland,2021-05-28,2872047,946,73579,117
1699,212458,POL,Europe,Poland,2021-05-29,2872822,775,73704,125
1700,212459,POL,Europe,Poland,2021-05-30,2873401,579,73760,56
1701,212460,POL,Europe,Poland,2021-05-31,2873734,333,73767,7
1702,212461,POL,Europe,Poland,2021-06-01,2874322,588,73878,111
1703,212462,POL,Europe,Poland,2021-06-02,2874986,664,74006,128
1704,212463,POL,Europe,Poland,2021-06-03,2875558,572,74097,91
1705,212464,POL,Europe,Poland,2021-06-04,2875877,319,74123,26
1706,212465,POL,Europe,Poland,2021-06-05,2876292,415,74161,38
1707,212466,POL,Europe,Poland,2021-06-06,2876604,312,74174,13
1708,212467,POL,Europe,Poland,2021-06-07,2876798,194,74182,8
1709,212468,POL,Europe,Poland,2021-06-08,2877198,400,74277,95
1710,212469,POL,Europe,Poland,2021-06-09,2877626,428,74385,108
1711,212470,POL,Europe,Poland,2021-06-10,2878008,382,74469,84
1712,212471,POL,Europe,Poland,2021-06-11,2878349,341,74537,68
1713,212472,POL,Europe,Poland,2021-06-12,2878588,239,74584,47
1714,212473,POL,Europe,Poland,2021-06-13,2878815,227,74595,11
1715,212474,POL,Europe,Poland,2021-06-14,2878955,140,74596,1
1716,212475,POL,Europe,Poland,2021-06-15,2879170,215,74648,52
1717,212476,POL,Europe,Poland,2021-06-16,2879411,241,74710,62
1718,212477,POL,Europe,Poland,2021-06-17,2879629,218,74756,46
1719,212478,POL,Europe,Poland,2021-06-18,2879819,190,74804,48
1720,212479,POL,Europe,Poland,2021-06-19,2879987,168,74845,41
1721,212480,POL,Europe,Poland,2021-06-20,2880120,133,74850,5
1722,212481,POL,Europe,Poland,2021-06-21,2880193,73,74851,1
1723,212482,POL,Europe,Poland,2021-06-22,2880381,188,74880,29
1724,212483,POL,Europe,Poland,2021-06-23,2880546,165,74915,35
1725,212484,POL,Europe,Poland,2021-06-24,2880693,147,74939,24
1726,212485,POL,Europe,Poland,2021-06-25,2880826,133,74975,36
1727,212486,POL,Europe,Poland,2021-06-26,2880926,100,74996,21
1728,212487,POL,Europe,Poland,2021-06-27,2880997,71,75001,5
1729,212488,POL,Europe,Poland,2021-06-28,2881049,52,75001,0
1730,212489,POL,Europe,Poland,2021-06-29,2881172,123,75027,26
1731,212490,POL,Europe,Poland,2021-06-30,2881276,104,75043,16
1732,212491,POL,Europe,Poland,2021-07-01,2881374,98,75066,23
1733,212492,POL,Europe,Poland,2021-07-02,2881470,96,75087,21
1734,212493,POL,Europe,Poland,2021-07-03,2881577,107,75105,18
1735,212494,POL,Europe,Poland,2021-07-04,2881631,54,75106,1
1736,212495,POL,Europe,Poland,2021-07-05,2881669,38,75107,1
1737,212496,POL,Europe,Poland,2021-07-06,2881765,96,75117,10
1738,212497,POL,Europe,Poland,2021-07-07,2881868,103,75134,17
1739,212498,POL,Europe,Poland,2021-07-08,2881961,93,75153,19
1740,212499,POL,Europe,Poland,2021-07-09,2882037,76,75170,17
1741,212500,POL,Europe,Poland,2021-07-10,2882123,86,75177,7
1742,212501,POL,Europe,Poland,2021-07-11,2882189,66,75178,1
1743,212502,POL,Europe,Poland,2021-07-12,2882233,44,75178,0
1744,212503,POL,Europe,Poland,2021-07-13,2882329,96,75191,13
1745,212504,POL,Europe,Poland,2021-07-14,2882415,86,75197,6
1746,212505,POL,Europe,Poland,2021-07-15,2882520,105,75209,12
1747,212506,POL,Europe,Poland,2021-07-16,2882613,93,75223,14
1748,212507,POL,Europe,Poland,2021-07-17,2882727,114,75230,7
1749,212508,POL,Europe,Poland,2021-07-18,2882796,69,75233,3
1750,212509,POL,Europe,Poland,2021-07-19,2882863,67,75233,0
1751,212510,POL,Europe,Poland,2021-07-20,2882967,104,75237,4
1752,212511,POL,Europe,Poland,2021-07-21,2883091,124,75240,3
1753,212512,POL,Europe,Poland,2021-07-22,2883217,126,75249,9
1754,212513,POL,Europe,Poland,2021-07-23,2883325,108,75253,4
1755,212514,POL,Europe,Poland,2021-07-24,2883447,122,75259,6
1756,212515,POL,Europe,Poland,2021-07-25,2883529,82,75260,1
1757,212516,POL,Europe,Poland,2021-07-26,2883603,74,75260,0
1758,212517,POL,Europe,Poland,2021-07-27,2883709,106,75267,7
1759,212518,POL,Europe,Poland,2021-07-28,2883847,138,75270,3
1760,212519,POL,Europe,Poland,2021-07-29,2884014,167,75275,5
1761,212520,POL,Europe,Poland,2021-07-30,2884167,153,75277,2
1762,212521,POL,Europe,Poland,2021-07-31,2884320,153,75279,2
1763,212522,POL,Europe,Poland,2021-08-01,2884411,91,75279,0
1764,212523,POL,Europe,Poland,2021-08-02,2884502,91,75279,0
1765,212524,POL,Europe,Poland,2021-08-03,2884666,164,75283,4
1766,212525,POL,Europe,Poland,2021-08-04,2884830,164,75287,4
1767,212526,POL,Europe,Poland,2021-08-05,2885006,176,75293,6
1768,212527,POL,Europe,Poland,2021-08-06,2885178,172,75299,6
1769,212528,POL,Europe,Poland,2021-08-07,2885359,181,75303,4
1770,212529,POL,Europe,Poland,2021-08-08,2885481,122,75303,0
1771,212530,POL,Europe,Poland,2021-08-09,2885545,64,75303,0
1772,212531,POL,Europe,Poland,2021-08-10,2885745,200,75303,0
1773,212532,POL,Europe,Poland,2021-08-11,2885943,198,75307,4
1774,212533,POL,Europe,Poland,2021-08-12,2886166,223,75309,2
1775,212534,POL,Europe,Poland,2021-08-13,2886362,196,75315,6
1776,212535,POL,Europe,Poland,2021-08-14,2886573,211,75317,2
1777,212536,POL,Europe,Poland,2021-08-15,2886721,148,75317,0
1778,212537,POL,Europe,Poland,2021-08-16,2886849,128,75317,0
1779,212538,POL,Europe,Poland,2021-08-17,2887070,221,75324,7
1780,212539,POL,Europe,Poland,2021-08-18,2887278,208,75325,1
1781,212540,POL,Europe,Poland,2021-08-19,2887475,197,75329,4
1782,212541,POL,Europe,Poland,2021-08-20,2887687,212,75333,4
1783,212542,POL,Europe,Poland,2021-08-21,2887909,222,75334,1
1784,212543,POL,Europe,Poland,2021-08-22,2888094,185,75334,0
1785,212544,POL,Europe,Poland,2021-08-23,2888201,107,75334,0
1786,212545,POL,Europe,Poland,2021-08-24,2888434,233,75342,8
1787,212546,POL,Europe,Poland,2021-08-25,2888668,234,75347,5
1788,212547,POL,Europe,Poland,2021-08-26,2888919,251,75350,3
1789,212548,POL,Europe,Poland,2021-08-27,2889177,258,75353,3
1790,212549,POL,Europe,Poland,2021-08-28,2889467,290,75358,5
1791,212550,POL,Europe,Poland,2021-08-29,2889671,204,75358,0
1792,212551,POL,Europe,Poland,2021-08-30,2889822,151,75358,0
1793,212552,POL,Europe,Poland,2021-08-31,2890107,285,75363,5
1794,212553,POL,Europe,Poland,2021-09-01,2890473,366,75376,13
1795,212554,POL,Europe,Poland,2021-09-02,2890863,390,75383,7
1796,212555,POL,Europe,Poland,2021-09-03,2891212,349,75388,5
1797,212556,POL,Europe,Poland,2021-09-04,2891601,389,75395,7
1798,212557,POL,Europe,Poland,2021-09-05,2891925,324,75395,0
1799,212558,POL,Europe,Poland,2021-09-06,2892108,183,75395,0
1800,212559,POL,Europe,Poland,2021-09-07,2892514,406,75408,13
1801,212560,POL,Europe,Poland,2021-09-08,2893047,533,75419,11
1802,212561,POL,Europe,Poland,2021-09-09,2893557,510,75425,6
1803,212562,POL,Europe,Poland,2021-09-10,2894085,528,75433,8
1804,212563,POL,Europe,Poland,2021-09-11,2894615,530,75441,8
1805,212564,POL,Europe,Poland,2021-09-12,2895091,476,75441,0
1806,212565,POL,Europe,Poland,2021-09-13,2895360,269,75441,0
1807,212566,POL,Europe,Poland,2021-09-14,2895897,537,75449,8
1808,212567,POL,Europe,Poland,2021-09-15,2896664,767,75470,21
1809,212568,POL,Europe,Poland,2021-09-16,2897386,722,75480,10
1810,212569,POL,Europe,Poland,2021-09-17,2898038,652,75488,8
1811,212570,POL,Europe,Poland,2021-09-18,2898835,797,75502,14
1812,212571,POL,Europe,Poland,2021-09-19,2899375,540,75503,1
1813,212572,POL,Europe,Poland,2021-09-20,2899738,363,75503,0
1814,212573,POL,Europe,Poland,2021-09-21,2900449,711,75518,15
1815,212574,POL,Europe,Poland,2021-09-22,2901331,882,75538,20
1816,212575,POL,Europe,Poland,2021-09-23,2902305,974,75552,14
1817,212576,POL,Europe,Poland,2021-09-24,2903118,813,75566,14
1818,212577,POL,Europe,Poland,2021-09-25,2904035,917,75586,20
1819,212578,POL,Europe,Poland,2021-09-26,2904678,643,75587,1
1820,212579,POL,Europe,Poland,2021-09-27,2905099,421,75587,0
1821,212580,POL,Europe,Poland,2021-09-28,2906074,975,75616,29
1822,212581,POL,Europe,Poland,2021-09-29,2907308,1234,75638,22
1823,212582,POL,Europe,Poland,2021-09-30,2908516,1208,75665,27
1824,212583,POL,Europe,Poland,2021-10-01,2909878,1362,75681,16
1825,212584,POL,Europe,Poland,2021-10-02,2911222,1344,75704,23
1826,212585,POL,Europe,Poland,2021-10-03,2912312,1090,75710,6
1827,212586,POL,Europe,Poland,2021-10-04,2912996,684,75710,0
1828,212587,POL,Europe,Poland,2021-10-05,2914321,1325,75756,46
1829,212588,POL,Europe,Poland,2021-10-06,2916406,2085,75789,33
1830,212589,POL,Europe,Poland,2021-10-07,2918413,2007,75818,29
1831,212590,POL,Europe,Poland,2021-10-08,2920308,1895,75849,31
1832,212591,POL,Europe,Poland,2021-10-09,2922320,2012,75878,29
1833,212592,POL,Europe,Poland,2021-10-10,2923847,1527,75883,5
1834,212593,POL,Europe,Poland,2021-10-11,2924750,903,75883,0
1835,212594,POL,Europe,Poland,2021-10-12,2926868,2118,75932,49
1836,212595,POL,Europe,Poland,2021-10-13,2929508,2640,75972,40
1837,212596,POL,Europe,Poland,2021-10-14,2932508,3000,76032,60
1838,212597,POL,Europe,Poland,2021-10-15,2935279,2771,76081,49
1839,212598,POL,Europe,Poland,2021-10-16,2938515,3236,76125,44
1840,212599,POL,Europe,Poland,2021-10-17,2941038,2523,76126,1
1841,212600,POL,Europe,Poland,2021-10-18,2942575,1537,76129,3
1842,212601,POL,Europe,Poland,2021-10-19,2946506,3931,76193,64
1843,212602,POL,Europe,Poland,2021-10-20,2952065,5559,76268,75
1844,212603,POL,Europe,Poland,2021-10-21,2957657,5592,76314,46
1845,212604,POL,Europe,Poland,2021-10-22,2963363,5706,76373,59
1846,212605,POL,Europe,Poland,2021-10-23,2969637,6274,76448,75
1847,212606,POL,Europe,Poland,2021-10-24,2974365,4728,76461,13
1848,212607,POL,Europe,Poland,2021-10-25,2977315,2950,76461,0
1849,212608,POL,Europe,Poland,2021-10-26,2983580,6265,76554,93
1850,212609,POL,Europe,Poland,2021-10-27,2991941,8361,76687,133
1851,212610,POL,Europe,Poland,2021-10-28,3000319,8378,76788,101
1852,212611,POL,Europe,Poland,2021-10-29,3009706,9387,76890,102
1853,212612,POL,Europe,Poland,2021-10-30,3019504,9798,77005,115
1854,212613,POL,Europe,Poland,2021-10-31,3026649,7145,77014,9
1855,212614,POL,Europe,Poland,2021-11-01,3031543,4894,77027,13
1856,212615,POL,Europe,Poland,2021-11-02,3036057,4514,77036,9
1857,212616,POL,Europe,Poland,2021-11-03,3046486,10429,77160,124
1858,212617,POL,Europe,Poland,2021-11-04,3062001,15515,77410,250
1859,212618,POL,Europe,Poland,2021-11-05,3077905,15904,77562,152
1860,212619,POL,Europe,Poland,2021-11-06,3093095,15190,77748,186
1861,212620,POL,Europe,Poland,2021-11-07,3105588,12493,77772,24
1862,212621,POL,Europe,Poland,2021-11-08,3112904,7316,77775,3
1863,212622,POL,Europe,Poland,2021-11-09,3126548,13644,77995,220
1864,212623,POL,Europe,Poland,2021-11-10,3145098,18550,78264,269
1865,212624,POL,Europe,Poland,2021-11-11,3164172,19074,78538,274
1866,212625,POL,Europe,Poland,2021-11-12,3177137,12965,78569,31
1867,212626,POL,Europe,Poland,2021-11-13,3191429,14292,78835,266
1868,212627,POL,Europe,Poland,2021-11-14,3205871,14442,78881,46
1869,212628,POL,Europe,Poland,2021-11-15,3215383,9512,78893,12
1870,212629,POL,Europe,Poland,2021-11-16,3231973,16590,79175,282
1871,212630,POL,Europe,Poland,2021-11-17,3256212,24239,79638,463
1872,212631,POL,Europe,Poland,2021-11-18,3281094,24882,80008,370
1873,212632,POL,Europe,Poland,2021-11-19,3304336,23242,80411,403
1874,212633,POL,Europe,Poland,2021-11-20,3327750,23414,80793,382
1875,212634,POL,Europe,Poland,2021-11-21,3346633,18883,80834,41
1876,212635,POL,Europe,Poland,2021-11-22,3358967,12334,80842,8
1877,212636,POL,Europe,Poland,2021-11-23,3378903,19936,81240,398
1878,212637,POL,Europe,Poland,2021-11-24,3407283,28380,81700,460
1879,212638,POL,Europe,Poland,2021-11-25,3435411,28128,82197,497
1880,212639,POL,Europe,Poland,2021-11-26,3462146,26735,82618,421
1881,212640,POL,Europe,Poland,2021-11-27,3488328,26182,82996,378
1882,212641,POL,Europe,Poland,2021-11-28,3508904,20576,83047,51
1883,212642,POL,Europe,Poland,2021-11-29,3522019,13115,83065,18
1884,212643,POL,Europe,Poland,2021-11-30,3541093,19074,83591,526
1885,212644,POL,Europe,Poland,2021-12-01,3570157,29064,84161,570
1886,212645,POL,Europe,Poland,2021-12-02,3597513,27356,84663,502
1887,212646,POL,Europe,Poland,2021-12-03,3624478,26965,85133,470
1888,212647,POL,Europe,Poland,2021-12-04,3650054,25576,85635,502
1889,212648,POL,Europe,Poland,2021-12-05,3672443,22389,85680,45
1890,212649,POL,Europe,Poland,2021-12-06,3685693,13250,85705,25
1891,212650,POL,Europe,Poland,2021-12-07,3705059,19366,86209,504
1892,212651,POL,Europe,Poland,2021-12-08,3733601,28542,86801,592
1893,212652,POL,Europe,Poland,2021-12-09,3761059,27458,87363,562
1894,212653,POL,Europe,Poland,2021-12-10,3786050,24991,87934,571
1895,212654,POL,Europe,Poland,2021-12-11,3809814,23764,88420,486
1896,212655,POL,Europe,Poland,2021-12-12,3829266,19452,88485,65
1897,212656,POL,Europe,Poland,2021-12-13,3840645,11379,88514,29
1898,212657,POL,Europe,Poland,2021-12-14,3858105,17460,89051,537
1899,212658,POL,Europe,Poland,2021-12-15,3882371,24266,89720,669
1900,212659,POL,Europe,Poland,2021-12-16,3904468,22097,90312,592
1901,212660,POL,Europe,Poland,2021-12-17,3924495,20027,90878,566
1902,212661,POL,Europe,Poland,2021-12-18,3943892,19397,91421,543
1903,212662,POL,Europe,Poland,2021-12-19,3959868,15976,91491,70
1904,212663,POL,Europe,Poland,2021-12-20,3969477,9609,91520,29
1905,212664,POL,Europe,Poland,2021-12-21,3983283,13806,92058,538
1906,212665,POL,Europe,Poland,2021-12-22,4001304,18021,92833,775
1907,212666,POL,Europe,Poland,2021-12-23,4018460,17156,93449,616
1908,212667,POL,Europe,Poland,2021-12-24,4033852,15392,94045,596
1909,212668,POL,Europe,Poland,2021-12-25,4044640,10788,94314,269
1910,212669,POL,Europe,Poland,2021-12-26,4050892,6252,94330,16
1911,212670,POL,Europe,Poland,2021-12-27,4055921,5029,94368,38
1912,212671,POL,Europe,Poland,2021-12-28,4065764,9843,94917,549
1913,212672,POL,Europe,Poland,2021-12-29,4081335,15571,95711,794
1914,212673,POL,Europe,Poland,2021-12-30,4095660,14325,96420,709
1915,212674,POL,Europe,Poland,2021-12-31,4109261,13601,97058,638
1916,212675,POL,Europe,Poland,2022-01-01,4121293,12032,97563,505
1917,212676,POL,Europe,Poland,2022-01-02,4128472,7179,97596,33
1918,212677,POL,Europe,Poland,2022-01-03,4134894,6422,97605,9
1919,212678,POL,Europe,Poland,2022-01-04,4146564,11670,98038,433
1920,212679,POL,Europe,Poland,2022-01-05,4163760,17196,98670,632
1921,212680,POL,Europe,Poland,2022-01-06,4180336,16576,99316,646
1922,212681,POL,Europe,Poland,2022-01-07,4192238,11902,99433,117
1923,212682,POL,Europe,Poland,2022-01-08,4203138,10900,99725,292
1924,212683,POL,Europe,Poland,2022-01-09,4214244,11106,99747,22
1925,212684,POL,Europe,Poland,2022-01-10,4222029,7785,99766,19
1926,212685,POL,Europe,Poland,2022-01-11,4233435,11406,100259,493
1927,212686,POL,Europe,Poland,2022-01-12,4249608,16173,100943,684
1928,212687,POL,Europe,Poland,2022-01-13,4266486,16878,101424,481
1929,212688,POL,Europe,Poland,2022-01-14,4282533,16047,101847,423
1930,212689,POL,Europe,Poland,2022-01-15,4299429,16896,102276,429
1931,212690,POL,Europe,Poland,2022-01-16,4314096,14667,102311,35
1932,212691,POL,Europe,Poland,2022-01-17,4324541,10445,102315,4
1933,212692,POL,Europe,Poland,2022-01-18,4344193,19652,102692,377
1934,212693,POL,Europe,Poland,2022-01-19,4374779,30586,103067,375
1935,212694,POL,Europe,Poland,2022-01-20,4407614,32835,103382,315
1936,212695,POL,Europe,Poland,2022-01-21,4444279,36665,103630,248
1937,212696,POL,Europe,Poland,2022-01-22,4485155,40876,103823,193
1938,212697,POL,Europe,Poland,2022-01-23,4519243,34088,103848,25
1939,212698,POL,Europe,Poland,2022-01-24,4548343,29100,103850,2
1940,212699,POL,Europe,Poland,2022-01-25,4585338,36995,104102,252
1941,212700,POL,Europe,Poland,2022-01-26,4638758,53420,104378,276
1942,212701,POL,Europe,Poland,2022-01-27,4696417,57659,104640,262
1943,212702,POL,Europe,Poland,2022-01-28,4753679,57262,104911,271
1944,212703,POL,Europe,Poland,2022-01-29,4805374,51695,105142,231
1945,212704,POL,Europe,Poland,2022-01-30,4853625,48251,105165,23
1946,212705,POL,Europe,Poland,2022-01-31,4887105,33480,105198,33
1947,212706,POL,Europe,Poland,2022-02-01,4926219,39114,105437,239
1948,212707,POL,Europe,Poland,2022-02-02,4982270,56051,105755,318
1949,212708,POL,Europe,Poland,2022-02-03,5036747,54477,106062,307
1950,212709,POL,Europe,Poland,2022-02-04,5084281,47534,106308,246
1951,212710,POL,Europe,Poland,2022-02-05,5130030,45749,106580,272
1952,212711,POL,Europe,Poland,2022-02-06,5164733,34703,106599,19
1953,212712,POL,Europe,Poland,2022-02-07,5186713,21980,106609,10
1954,212713,POL,Europe,Poland,2022-02-08,5222673,35960,106895,286
1955,212714,POL,Europe,Poland,2022-02-09,5269545,46872,107205,310
1956,212715,POL,Europe,Poland,2022-02-10,5311640,42095,107467,262
1957,212716,POL,Europe,Poland,2022-02-11,5347417,35777,107757,290
1958,212717,POL,Europe,Poland,2022-02-12,5378748,31331,108090,333
1959,212718,POL,Europe,Poland,2022-02-13,5400818,22070,108121,31
1960,212719,POL,Europe,Poland,2022-02-14,5414291,13473,108138,17
1961,212720,POL,Europe,Poland,2022-02-15,5436558,22267,108516,378
1962,212721,POL,Europe,Poland,2022-02-16,5465417,28859,108888,372
1963,212722,POL,Europe,Poland,2022-02-17,5494646,29229,109204,316
1964,212723,POL,Europe,Poland,2022-02-18,5518636,23990,109508,304
1965,212724,POL,Europe,Poland,2022-02-19,5539538,20902,109791,283
1966,212725,POL,Europe,Poland,2022-02-20,5553225,13687,109816,25
1967,212726,POL,Europe,Poland,2022-02-21,5562814,9589,109832,16
1968,212727,POL,Europe,Poland,2022-02-22,5581606,18792,110157,325
1969,212728,POL,Europe,Poland,2022-02-23,5602062,20456,110517,360
1970,212729,POL,Europe,Poland,2022-02-24,5620344,18282,110858,341
1971,212730,POL,Europe,Poland,2022-02-25,5637068,16724,111056,198
1972,212731,POL,Europe,Poland,2022-02-26,5651028,13960,111277,221
1973,212732,POL,Europe,Poland,2022-02-27,5659930,8902,111317,40
1974,212733,POL,Europe,Poland,2022-02-28,5666494,6564,111318,1
1975,212734,POL,Europe,Poland,2022-03-01,5679478,12984,111587,269
1976,212735,POL,Europe,Poland,2022-03-02,5694215,14737,111864,277
1977,212736,POL,Europe,Poland,2022-03-03,5708283,14068,112130,266
1978,212737,POL,Europe,Poland,2022-03-04,5720766,12483,112336,206
1979,212738,POL,Europe,Poland,2022-03-05,5733503,12737,112535,199
1980,212739,POL,Europe,Poland,2022-03-06,5741200,7697,112545,10
1981,212740,POL,Europe,Poland,2022-03-07,5746785,5585,112551,6
1982,212741,POL,Europe,Poland,2022-03-08,5759937,13152,112768,217
1983,212742,POL,Europe,Poland,2022-03-09,5774352,14415,113002,234
1984,212743,POL,Europe,Poland,2022-03-10,5787790,13438,113186,184
1985,212744,POL,Europe,Poland,2022-03-11,5799427,11637,113307,121
1986,212745,POL,Europe,Poland,2022-03-12,5810543,11116,113434,127
1987,212746,POL,Europe,Poland,2022-03-13,5818123,7580,113444,10
1988,212747,POL,Europe,Poland,2022-03-14,5823421,5298,113445,1
1989,212748,POL,Europe,Poland,2022-03-15,5836116,12695,113623,178
1990,212749,POL,Europe,Poland,2022-03-16,5850596,14480,113774,151
1991,212750,POL,Europe,Poland,2022-03-17,5862870,12274,113981,207
1992,212751,POL,Europe,Poland,2022-03-18,5874530,11660,114088,107
1993,212752,POL,Europe,Poland,2022-03-19,5884909,10379,114207,119
1994,212753,POL,Europe,Poland,2022-03-20,5890605,5696,114219,12
1995,212754,POL,Europe,Poland,2022-03-21,5894770,4165,114222,3
1996,212755,POL,Europe,Poland,2022-03-22,5904919,10149,114355,133
1997,212756,POL,Europe,Poland,2022-03-23,5915356,10437,114479,124
1998,212757,POL,Europe,Poland,2022-03-24,5924350,8994,114625,146
1999,212758,POL,Europe,Poland,2022-03-25,5932591,8241,114735,110
2000,212759,POL,Europe,Poland,2022-03-26,5939224,6633,114820,85
2001,212760,POL,Europe,Poland,2022-03-27,5942718,3494,114827,7
2002,212761,POL,Europe,Poland,2022-03-28,5945086,2368,114828,1
2003,212762,POL,Europe,Poland,2022-03-29,5951694,6608,114938,110
2004,212763,POL,Europe,Poland,2022-03-30,5957436,5742,115039,101
2005,212764,POL,Europe,Poland,2022-03-31,5962433,4997,115172,133
2006,212765,POL,Europe,Poland,2022-04-01,5966486,4053,115246,74
2007,212766,POL,Europe,Poland,2022-04-02,5968589,2103,115342,96
2008,212767,POL,Europe,Poland,2022-04-03,5969146,557,115344,2
2009,212768,POL,Europe,Poland,2022-04-04,5969639,493,115344,0
2010,212769,POL,Europe,Poland,2022-04-05,5971530,1891,115394,50
2011,212770,POL,Europe,Poland,2022-04-06,5973101,1571,115471,77
2012,212771,POL,Europe,Poland,2022-04-07,5974588,1487,115535,64
2013,212772,POL,Europe,Poland,2022-04-08,5975918,1330,115593,58
2014,212773,POL,Europe,Poland,2022-04-09,5977332,1414,115634,41
2015,212774,POL,Europe,Poland,2022-04-10,5977772,440,115634,0
2016,212775,POL,Europe,Poland,2022-04-11,5978153,381,115634,0
2017,212776,POL,Europe,Poland,2022-04-12,5979776,1623,115695,61
2018,212777,POL,Europe,Poland,2022-04-13,5981045,1269,115735,40
2019,212778,POL,Europe,Poland,2022-04-14,5982231,1186,115774,39
2020,212779,POL,Europe,Poland,2022-04-15,5983432,1201,115808,34
2021,212780,POL,Europe,Poland,2022-04-16,5984510,1078,115837,29
2022,212781,POL,Europe,Poland,2022-04-17,5984822,312,115837,0
2023,212782,POL,Europe,Poland,2022-04-18,5985088,266,115837,0
2024,212783,POL,Europe,Poland,2022-04-19,5985392,304,115837,0
2025,212784,POL,Europe,Poland,2022-04-20,5986919,1527,115868,31
2026,212785,POL,Europe,Poland,2022-04-21,5988097,1178,115898,30
2027,212786,POL,Europe,Poland,2022-04-22,5989194,1097,115925,27
2028,212787,POL,Europe,Poland,2022-04-23,5990434,1240,115947,22
2029,212788,POL,Europe,Poland,2022-04-24,5990778,344,115947,0
2030,212789,POL,Europe,Poland,2022-04-25,5991045,267,115947,0
2031,212790,POL,Europe,Poland,2022-04-26,5992401,1356,115976,29
2032,212791,POL,Europe,Poland,2022-04-27,5993442,1041,115997,21
2033,212792,POL,Europe,Poland,2022-04-28,5994400,958,116021,24
2034,212793,POL,Europe,Poland,2022-04-29,5995257,857,116041,20
2035,212794,POL,Europe,Poland,2022-04-30,5996099,842,116058,17
2036,212795,POL,Europe,Poland,2022-05-01,5996333,234,116058,0
2037,212796,POL,Europe,Poland,2022-05-02,5996521,188,116058,0
2038,212797,POL,Europe,Poland,2022-05-03,5997411,890,116068,10
2039,212798,POL,Europe,Poland,2022-05-04,5997584,173,116069,1
2040,212799,POL,Europe,Poland,2022-05-05,5998496,912,116098,29
2041,212800,POL,Europe,Poland,2022-05-06,5999107,611,116123,25
2042,212801,POL,Europe,Poland,2022-05-07,5999811,704,116137,14
2043,212802,POL,Europe,Poland,2022-05-08,6000010,199,116137,0
2044,212803,POL,Europe,Poland,2022-05-09,6000194,184,116137,0
2045,212804,POL,Europe,Poland,2022-05-10,6000921,727,116149,12
2046,212805,POL,Europe,Poland,2022-05-11,6001487,566,116164,15
2047,212806,POL,Europe,Poland,2022-05-12,6001987,500,116175,11
2048,212807,POL,Europe,Poland,2022-05-13,6002456,469,116186,11
2049,212808,POL,Europe,Poland,2022-05-14,6002890,434,116207,21
2050,212809,POL,Europe,Poland,2022-05-15,6003029,139,116207,0
2051,212810,POL,Europe,Poland,2022-05-16,6003124,95,116207,0
2052,212811,POL,Europe,Poland,2022-05-17,6003636,512,116217,10
2053,212812,POL,Europe,Poland,2022-05-18,6004024,388,116230,13
2054,212813,POL,Europe,Poland,2022-05-19,6004383,359,116242,12
2055,212814,POL,Europe,Poland,2022-05-20,6004698,315,116255,13
2056,212815,POL,Europe,Poland,2022-05-21,6005034,336,116268,13
2057,212816,POL,Europe,Poland,2022-05-22,6005129,95,116268,0
2058,212817,POL,Europe,Poland,2022-05-23,6005194,65,116268,0
2059,212818,POL,Europe,Poland,2022-05-24,6005614,420,116284,16
2060,212819,POL,Europe,Poland,2022-05-25,6005898,284,116290,6
2061,212820,POL,Europe,Poland,2022-05-26,6006147,249,116299,9
2062,212821,POL,Europe,Poland,2022-05-27,6006409,262,116305,6
2063,212822,POL,Europe,Poland,2022-05-28,6006673,264,116311,6
2064,212823,POL,Europe,Poland,2022-05-29,6006756,83,116311,0
2065,212824,POL,Europe,Poland,2022-05-30,6006839,83,116311,0
2066,212825,POL,Europe,Poland,2022-05-31,6007185,346,116318,7
2067,212826,POL,Europe,Poland,2022-06-01,6007441,256,116325,7
2068,212827,POL,Europe,Poland,2022-06-02,6007661,220,116332,7
2069,212828,POL,Europe,Poland,2022-06-03,6007897,236,116336,4
2070,212829,POL,Europe,Poland,2022-06-04,6008151,254,116347,11
2071,212830,POL,Europe,Poland,2022-06-05,6008213,62,116347,0
2072,212831,POL,Europe,Poland,2022-06-06,6008266,53,116347,0
2073,212832,POL,Europe,Poland,2022-06-07,6008605,339,116353,6
2074,212833,POL,Europe,Poland,2022-06-08,6008809,204,116360,7
2075,212834,POL,Europe,Poland,2022-06-09,6009083,274,116366,6
2076,212835,POL,Europe,Poland,2022-06-10,6009330,247,116367,1
2077,212836,POL,Europe,Poland,2022-06-11,6009593,263,116369,2
2078,212837,POL,Europe,Poland,2022-06-12,6009649,56,116369,0
2079,212838,POL,Europe,Poland,2022-06-13,6009694,45,116369,0
2080,212839,POL,Europe,Poland,2022-06-14,6010015,321,116378,9
2081,212840,POL,Europe,Poland,2022-06-15,6010249,234,116385,7
2082,212841,POL,Europe,Poland,2022-06-16,6010477,228,116388,3
2083,212842,POL,Europe,Poland,2022-06-17,6010525,48,116388,0
2084,212843,POL,Europe,Poland,2022-06-18,6010780,255,116391,3
2085,212844,POL,Europe,Poland,2022-06-19,6010845,65,116391,0
2086,212845,POL,Europe,Poland,2022-06-20,6010892,47,116391,0
2087,212846,POL,Europe,Poland,2022-06-21,6011266,374,116398,7
2088,212847,POL,Europe,Poland,2022-06-22,6011590,324,116402,4
2089,212848,POL,Europe,Poland,2022-06-23,6011896,306,116403,1
2090,212849,POL,Europe,Poland,2022-06-24,6012244,348,116410,7
2091,212850,POL,Europe,Poland,2022-06-25,6012588,344,116415,5
2092,212851,POL,Europe,Poland,2022-06-26,6012685,97,116415,0
2093,212852,POL,Europe,Poland,2022-06-27,6012773,88,116415,0
2094,212853,POL,Europe,Poland,2022-06-28,6013469,696,116418,3
2095,212854,POL,Europe,Poland,2022-06-29,6014014,545,116422,4
2096,212855,POL,Europe,Poland,2022-06-30,6014603,589,116422,0
2097,212856,POL,Europe,Poland,2022-07-01,6015246,643,116427,5
2098,212857,POL,Europe,Poland,2022-07-02,6015862,616,116433,6
2099,212858,POL,Europe,Poland,2022-07-03,6016020,158,116433,0
2100,212859,POL,Europe,Poland,2022-07-04,6016139,119,116433,0
2101,212860,POL,Europe,Poland,2022-07-05,6017214,1075,116435,2
2102,212861,POL,Europe,Poland,2022-07-06,6018178,964,116438,3
2103,212862,POL,Europe,Poland,2022-07-07,6019246,1068,116447,9
2104,212863,POL,Europe,Poland,2022-07-08,6020292,1046,116447,0
2105,212864,POL,Europe,Poland,2022-07-09,6021556,1264,116451,4
2106,212865,POL,Europe,Poland,2022-07-10,6021840,284,116451,0
2107,212866,POL,Europe,Poland,2022-07-11,6022067,227,116451,0
2108,212867,POL,Europe,Poland,2022-07-12,6024102,2035,116456,5
2109,212868,POL,Europe,Poland,2022-07-13,6025749,1647,116462,6
2110,212869,POL,Europe,Poland,2022-07-14,6027589,1840,116466,4
2111,212870,POL,Europe,Poland,2022-07-15,6029563,1974,116468,2
2112,212871,POL,Europe,Poland,2022-07-16,6031694,2131,116468,0
2113,212872,POL,Europe,Poland,2022-07-17,6032091,397,116468,0
2114,212873,POL,Europe,Poland,2022-07-18,6032410,319,116468,0
2115,212874,POL,Europe,Poland,2022-07-19,6035661,3251,116473,5
2116,212875,POL,Europe,Poland,2022-07-20,6038514,2853,116484,11
2117,212876,POL,Europe,Poland,2022-07-21,6041513,2999,116490,6
2118,212877,POL,Europe,Poland,2022-07-22,6044551,3038,116496,6
2119,212878,POL,Europe,Poland,2022-07-23,6048044,3493,116508,12
2120,212879,POL,Europe,Poland,2022-07-24,6048686,642,116508,0
2121,212880,POL,Europe,Poland,2022-07-25,6049275,589,116508,0
2122,212881,POL,Europe,Poland,2022-07-26,6054383,5108,116522,14
2123,212882,POL,Europe,Poland,2022-07-27,6058104,3721,116533,11
2124,212883,POL,Europe,Poland,2022-07-28,6061618,3514,116545,12
2125,212884,POL,Europe,Poland,2022-07-29,6065009,3391,116554,9
2126,212885,POL,Europe,Poland,2022-07-30,6068696,3687,116568,14
2127,212886,POL,Europe,Poland,2022-07-31,6069347,651,116568,0
2128,212887,POL,Europe,Poland,2022-08-01,6069965,618,116568,0
2129,212888,POL,Europe,Poland,2022-08-02,6075614,5649,116590,22
2130,212889,POL,Europe,Poland,2022-08-03,6080093,4479,116606,16
2131,212890,POL,Europe,Poland,2022-08-04,6084574,4481,116626,20
2132,212891,POL,Europe,Poland,2022-08-05,6088869,4295,116643,17
2133,212892,POL,Europe,Poland,2022-08-06,6093279,4410,116658,15
2134,212893,POL,Europe,Poland,2022-08-07,6093977,698,116658,0
2135,212894,POL,Europe,Poland,2022-08-08,6094576,599,116658,0
2136,212895,POL,Europe,Poland,2022-08-09,6100540,5964,116684,26
2137,212896,POL,Europe,Poland,2022-08-10,6105022,4482,116715,31
2138,212897,POL,Europe,Poland,2022-08-11,6109343,4321,116735,20
2139,212898,POL,Europe,Poland,2022-08-12,6113569,4226,116749,14
2140,212899,POL,Europe,Poland,2022-08-13,6118211,4642,116771,22
2141,212900,POL,Europe,Poland,2022-08-14,6118986,775,116771,0
2142,212901,POL,Europe,Poland,2022-08-15,6119758,772,116771,0
2143,212902,POL,Europe,Poland,2022-08-16,6120565,807,116771,0
2144,212903,POL,Europe,Poland,2022-08-17,6127740,7175,116796,25
2145,212904,POL,Europe,Poland,2022-08-18,6133011,5271,116824,28
2146,212905,POL,Europe,Poland,2022-08-19,6137830,4819,116858,34
2147,212906,POL,Europe,Poland,2022-08-20,6142657,4827,116879,21
2148,212907,POL,Europe,Poland,2022-08-21,6143423,766,116879,0
2149,212908,POL,Europe,Poland,2022-08-22,6144145,722,116879,0
2150,212909,POL,Europe,Poland,2022-08-23,6150321,6176,116907,28
2151,212910,POL,Europe,Poland,2022-08-24,6154718,4397,116934,27
2152,212911,POL,Europe,Poland,2022-08-25,6158570,3852,116965,31
2153,212912,POL,Europe,Poland,2022-08-26,6162422,3852,117005,40
2154,212913,POL,Europe,Poland,2022-08-27,6166356,3934,117028,23
2155,212914,POL,Europe,Poland,2022-08-28,6166964,608,117028,0
2156,212915,POL,Europe,Poland,2022-08-29,6167520,556,117028,0
2157,212916,POL,Europe,Poland,2022-08-30,6172826,5306,117057,29
2158,212917,POL,Europe,Poland,2022-08-31,6176666,3840,117091,34
2159,212918,POL,Europe,Poland,2022-09-01,6180008,3342,117117,26
2160,212919,POL,Europe,Poland,2022-09-02,6183462,3454,117128,11
2161,212920,POL,Europe,Poland,2022-09-03,6186737,3275,117151,23
2162,212921,POL,Europe,Poland,2022-09-04,6187239,502,117151,0
2163,212922,POL,Europe,Poland,2022-09-05,6187719,480,117151,0
2164,212923,POL,Europe,Poland,2022-09-06,6193564,5845,117172,21
2165,212924,POL,Europe,Poland,2022-09-07,6198014,4450,117192,20
2166,212925,POL,Europe,Poland,2022-09-08,6202241,4227,117217,25
2167,212926,POL,Europe,Poland,2022-09-09,6206797,4556,117231,14
2168,212927,POL,Europe,Poland,2022-09-10,6211770,4973,117250,19
2169,212928,POL,Europe,Poland,2022-09-11,6212418,648,117250,0
2170,212929,POL,Europe,Poland,2022-09-12,6213077,659,117250,0
2171,212930,POL,Europe,Poland,2022-09-13,6220953,7876,117278,28
2172,212931,POL,Europe,Poland,2022-09-14,6227087,6134,117297,19
2173,212932,POL,Europe,Poland,2022-09-15,6232948,5861,117314,17
2174,212933,POL,Europe,Poland,2022-09-16,6238379,5431,117339,25
2175,212934,POL,Europe,Poland,2022-09-17,6243814,5435,117349,10
2176,212935,POL,Europe,Poland,2022-09-18,6244489,675,117349,0
2177,212936,POL,Europe,Poland,2022-09-19,6245209,720,117349,0
2178,212937,POL,Europe,Poland,2022-09-20,6252886,7677,117365,16
2179,212938,POL,Europe,Poland,2022-09-21,6258523,5637,117390,25
2180,212939,POL,Europe,Poland,2022-09-22,6263468,4945,117411,21
2181,212940,POL,Europe,Poland,2022-09-23,6267906,4438,117430,19
2182,212941,POL,Europe,Poland,2022-09-24,6272440,4534,117455,25
2183,212942,POL,Europe,Poland,2022-09-25,6273181,741,117455,0
2184,212943,POL,Europe,Poland,2022-09-26,6273912,731,117455,0
2185,212944,POL,Europe,Poland,2022-09-27,6280396,6484,117480,25
2186,212945,POL,Europe,Poland,2022-09-28,6285275,4879,117508,28
2187,212946,POL,Europe,Poland,2022-09-29,6289550,4275,117538,30
2188,212947,POL,Europe,Poland,2022-09-30,6293440,3890,117568,30
2189,212948,POL,Europe,Poland,2022-10-01,6297008,3568,117597,29
2190,212949,POL,Europe,Poland,2022-10-02,6297316,308,117597,0
2191,212950,POL,Europe,Poland,2022-10-03,6297542,226,117597,0
2192,212951,POL,Europe,Poland,2022-10-04,6302161,4619,117630,33
2193,212952,POL,Europe,Poland,2022-10-05,6305355,3194,117659,29
2194,212953,POL,Europe,Poland,2022-10-06,6308244,2889,117701,42
2195,212954,POL,Europe,Poland,2022-10-07,6310873,2629,117742,41
2196,212955,POL,Europe,Poland,2022-10-08,6314616,3743,117755,13
2197,212956,POL,Europe,Poland,2022-10-09,6315079,463,117755,0
2198,212957,POL,Europe,Poland,2022-10-10,6315465,386,117755,0
2199,212958,POL,Europe,Poland,2022-10-11,6318760,3295,117800,45
2200,212959,POL,Europe,Poland,2022-10-12,6321122,2362,117822,22
2201,212960,POL,Europe,Poland,2022-10-13,6323032,1910,117846,24
2202,212961,POL,Europe,Poland,2022-10-14,6324780,1748,117868,22
2203,212962,POL,Europe,Poland,2022-10-15,6326374,1594,117899,31
2204,212963,POL,Europe,Poland,2022-10-16,6326677,303,117899,0
2205,212964,POL,Europe,Poland,2022-10-17,6326962,285,117899,0
2206,212965,POL,Europe,Poland,2022-10-18,6329223,2261,117930,31
2207,212966,POL,Europe,Poland,2022-10-19,6330836,1613,117972,42
2208,212967,POL,Europe,Poland,2022-10-20,6332355,1519,117990,18
2209,212968,POL,Europe,Poland,2022-10-21,6333525,1170,118014,24
2210,212969,POL,Europe,Poland,2022-10-22,6334643,1118,118028,14
2211,212970,POL,Europe,Poland,2022-10-23,6334824,181,118028,0
2212,212971,POL,Europe,Poland,2022-10-24,6334997,173,118028,0
2213,212972,POL,Europe,Poland,2022-10-25,6336473,1476,118049,21
2214,212973,POL,Europe,Poland,2022-10-26,6337497,1024,118072,23
2215,212974,POL,Europe,Poland,2022-10-27,6338473,976,118094,22
2216,212975,POL,Europe,Poland,2022-10-28,6339264,791,118106,12
2217,212976,POL,Europe,Poland,2022-10-29,6340070,806,118123,17
2218,212977,POL,Europe,Poland,2022-10-30,6340228,158,118123,0
2219,212978,POL,Europe,Poland,2022-10-31,6340378,150,118123,0
2220,212979,POL,Europe,Poland,2022-11-01,6341240,862,118130,7
2221,212980,POL,Europe,Poland,2022-11-02,6341393,153,118130,0
2222,212981,POL,Europe,Poland,2022-11-03,6342348,955,118142,12
2223,212982,POL,Europe,Poland,2022-11-04,6343041,693,118156,14
2224,212983,POL,Europe,Poland,2022-11-05,6343619,578,118169,13
2225,212984,POL,Europe,Poland,2022-11-06,6343719,100,118169,0
2226,212985,POL,Europe,Poland,2022-11-07,6343849,130,118169,0
2227,212986,POL,Europe,Poland,2022-11-08,6344595,746,118177,8
2228,212987,POL,Europe,Poland,2022-11-09,6345133,538,118194,17
2229,212988,POL,Europe,Poland,2022-11-10,6345625,492,118204,10
2230,212989,POL,Europe,Poland,2022-11-11,6346101,476,118209,5
2231,212990,POL,Europe,Poland,2022-11-12,6346174,73,118209,0
2232,212991,POL,Europe,Poland,2022-11-13,6346258,84,118209,0
2233,212992,POL,Europe,Poland,2022-11-14,6346343,85,118209,0
2234,212993,POL,Europe,Poland,2022-11-15,6347031,688,118226,17
2235,212994,POL,Europe,Poland,2022-11-16,6347537,506,118241,15
2236,212995,POL,Europe,Poland,2022-11-17,6347969,432,118251,10
2237,212996,POL,Europe,Poland,2022-11-18,6348328,359,118266,15
2238,212997,POL,Europe,Poland,2022-11-19,6348720,392,118273,7
2239,212998,POL,Europe,Poland,2022-11-20,6348791,71,118273,0
2240,212999,POL,Europe,Poland,2022-11-21,6348877,86,118273,0
2241,213000,POL,Europe,Poland,2022-11-22,6349474,597,118281,8
2242,213001,POL,Europe,Poland,2022-11-23,6349923,449,118291,10
2243,213002,POL,Europe,Poland,2022-11-24,6350377,454,118295,4
2244,213003,POL,Europe,Poland,2022-11-25,6350767,390,118297,2
2245,213004,POL,Europe,Poland,2022-11-26,6351188,421,118305,8
2246,213005,POL,Europe,Poland,2022-11-27,6351266,78,118305,0
2247,213006,POL,Europe,Poland,2022-11-28,6351360,94,118305,0
2248,213007,POL,Europe,Poland,2022-11-29,6352123,763,118312,7
2249,213008,POL,Europe,Poland,2022-11-30,6352707,584,118318,6
2250,213009,POL,Europe,Poland,2022-12-01,6353262,555,118327,9
2251,213010,POL,Europe,Poland,2022-12-02,6353804,542,118331,4
2252,213011,POL,Europe,Poland,2022-12-03,6354252,448,118339,8
2253,213012,POL,Europe,Poland,2022-12-04,6354357,105,118339,0
2254,213013,POL,Europe,Poland,2022-12-05,6354466,109,118339,0
2255,213014,POL,Europe,Poland,2022-12-06,6355379,913,118346,7
2256,213015,POL,Europe,Poland,2022-12-07,6356037,658,118350,4
2257,213016,POL,Europe,Poland,2022-12-08,6356685,648,118365,15
2258,213017,POL,Europe,Poland,2022-12-09,6356935,250,118371,6
2259,213018,POL,Europe,Poland,2022-12-10,6357323,388,118382,11
2260,213019,POL,Europe,Poland,2022-12-11,6357446,123,118382,0
2261,213020,POL,Europe,Poland,2022-12-12,6357657,211,118382,0
2262,213021,POL,Europe,Poland,2022-12-13,6358746,1089,118389,7
2263,213022,POL,Europe,Poland,2022-12-14,6359517,771,118395,6
2264,213023,POL,Europe,Poland,2022-12-15,6360202,685,118412,17
2265,213024,POL,Europe,Poland,2022-12-16,6360806,604,118419,7
2266,213025,POL,Europe,Poland,2022-12-17,6361427,621,118429,10
2267,213026,POL,Europe,Poland,2022-12-18,6361551,124,118429,0
2268,213027,POL,Europe,Poland,2022-12-19,6361681,130,118429,0
2269,213028,POL,Europe,Poland,2022-12-20,6362567,886,118436,7
2270,213029,POL,Europe,Poland,2022-12-21,6363292,725,118448,12
2271,213030,POL,Europe,Poland,2022-12-22,6364012,720,118452,4
2272,213031,POL,Europe,Poland,2022-12-23,6364673,661,118467,15
2273,213032,POL,Europe,Poland,2022-12-24,6365323,650,118475,8
2274,213033,POL,Europe,Poland,2022-12-25,6365442,119,118475,0
2275,213034,POL,Europe,Poland,2022-12-26,6365604,162,118475,0
2276,213035,POL,Europe,Poland,2022-12-27,6365785,181,118475,0
2277,213036,POL,Europe,Poland,2022-12-28,6366588,803,118481,6
2278,213037,POL,Europe,Poland,2022-12-29,6367190,602,118503,22
2279,213038,POL,Europe,Poland,2022-12-30,6367825,635,118512,9
2280,213039,POL,Europe,Poland,2022-12-31,6368448,623,118533,21
2281,213040,POL,Europe,Poland,2023-01-01,6368602,154,118533,0
2282,213041,POL,Europe,Poland,2023-01-02,6368720,118,118533,0
2283,213042,POL,Europe,Poland,2023-01-03,6369413,693,118546,13
2284,213043,POL,Europe,Poland,2023-01-04,6369983,570,118555,9
2285,213044,POL,Europe,Poland,2023-01-05,6370509,526,118567,12
2286,213045,POL,Europe,Poland,2023-01-06,6370972,463,118586,19
2287,213046,POL,Europe,Poland,2023-01-07,6371092,120,118586,0
2288,213047,POL,Europe,Poland,2023-01-08,6371235,143,118586,0
2289,213048,POL,Europe,Poland,2023-01-09,6371338,103,118586,0
2290,213049,POL,Europe,Poland,2023-01-10,6371842,504,118601,15
2291,213050,POL,Europe,Poland,2023-01-11,6372212,370,118615,14
2292,213051,POL,Europe,Poland,2023-01-12,6372554,342,118633,18
2293,213052,POL,Europe,Poland,2023-01-13,6372878,324,118640,7
2294,213053,POL,Europe,Poland,2023-01-14,6373218,340,118651,11
2295,213054,POL,Europe,Poland,2023-01-15,6373295,77,118651,0
2296,213055,POL,Europe,Poland,2023-01-16,6373350,55,118651,0
2297,213056,POL,Europe,Poland,2023-01-17,6373864,514,118660,9
2298,213057,POL,Europe,Poland,2023-01-18,6374242,378,118666,6
2299,213058,POL,Europe,Poland,2023-01-19,6374559,317,118675,9
2300,213059,POL,Europe,Poland,2023-01-20,6374890,331,118678,3
2301,213060,POL,Europe,Poland,2023-01-21,6375305,415,118681,3
2302,213061,POL,Europe,Poland,2023-01-22,6375378,73,118681,0
2303,213062,POL,Europe,Poland,2023-01-23,6375443,65,118681,0
2304,213063,POL,Europe,Poland,2023-01-24,6376130,687,118696,15
2305,213064,POL,Europe,Poland,2023-01-25,6376624,494,118702,6
2306,213065,POL,Europe,Poland,2023-01-26,6377156,532,118705,3
2307,213066,POL,Europe,Poland,2023-01-27,6377696,540,118713,8
2308,213067,POL,Europe,Poland,2023-01-28,6378216,520,118715,2
2309,213068,POL,Europe,Poland,2023-01-29,6378266,50,118715,0
2310,213069,POL,Europe,Poland,2023-01-30,6378319,53,118715,0
2311,213070,POL,Europe,Poland,2023-01-31,6379308,989,118727,12
2312,213071,POL,Europe,Poland,2023-02-01,6380144,836,118736,9
2313,213072,POL,Europe,Poland,2023-02-02,6380955,811,118740,4
2314,213073,POL,Europe,Poland,2023-02-03,6382079,1124,118743,3
2315,213074,POL,Europe,Poland,2023-02-04,6382899,820,118748,5
2316,213075,POL,Europe,Poland,2023-02-05,6383020,121,118748,0
2317,213076,POL,Europe,Poland,2023-02-06,6383149,129,118748,0
2318,213077,POL,Europe,Poland,2023-02-07,6384596,1447,118754,6
2319,213078,POL,Europe,Poland,2023-02-08,6385807,1211,118762,8
2320,213079,POL,Europe,Poland,2023-02-09,6386977,1170,118767,5
2321,213080,POL,Europe,Poland,2023-02-10,6388156,1179,118775,8
2322,213081,POL,Europe,Poland,2023-02-11,6389506,1350,118779,4
2323,213082,POL,Europe,Poland,2023-02-12,6389675,169,118779,0
2324,213083,POL,Europe,Poland,2023-02-13,6389875,200,118779,0
2325,213084,POL,Europe,Poland,2023-02-14,6392192,2317,118785,6
2326,213085,POL,Europe,Poland,2023-02-15,6394068,1876,118800,15
2327,213086,POL,Europe,Poland,2023-02-16,6396045,1977,118809,9
2328,213087,POL,Europe,Poland,2023-02-17,6397968,1923,118817,8
2329,213088,POL,Europe,Poland,2023-02-18,6399998,2030,118826,9
2330,213089,POL,Europe,Poland,2023-02-19,6400278,280,118826,0
2331,213090,POL,Europe,Poland,2023-02-20,6400558,280,118826,0
2332,213091,POL,Europe,Poland,2023-02-21,6403989,3431,118833,7
2333,213092,POL,Europe,Poland,2023-02-22,6406759,2770,118840,7
2334,213093,POL,Europe,Poland,2023-02-23,6409572,2813,118850,10
2335,213094,POL,Europe,Poland,2023-02-24,6412227,2655,118860,10
2336,213095,POL,Europe,Poland,2023-02-25,6414822,2595,118868,8
2337,213096,POL,Europe,Poland,2023-02-26,6415249,427,118868,0
2338,213097,POL,Europe,Poland,2023-02-27,6415681,432,118868,0
2339,213098,POL,Europe,Poland,2023-02-28,6419453,3772,118884,16
2340,213099,POL,Europe,Poland,2023-03-01,6422445,2992,118898,14
2341,213100,POL,Europe,Poland,2023-03-02,6425481,3036,118924,26
2342,213101,POL,Europe,Poland,2023-03-03,6428772,3291,118941,17
2343,213102,POL,Europe,Poland,2023-03-04,6431884,3112,118952,11
2344,213103,POL,Europe,Poland,2023-03-05,6432311,427,118952,0
2345,213104,POL,Europe,Poland,2023-03-06,6432761,450,118952,0
2346,213105,POL,Europe,Poland,2023-03-07,6437594,4833,118970,18
2347,213106,POL,Europe,Poland,2023-03-08,6441501,3907,118989,19
2348,213107,POL,Europe,Poland,2023-03-09,6444956,3455,119010,21
2349,213108,POL,Europe,Poland,2023-03-10,6448577,3621,119016,6
2350,213109,POL,Europe,Poland,2023-03-11,6452210,3633,119030,14
2351,213110,POL,Europe,Poland,2023-03-12,6452689,479,119030,0
2352,213111,POL,Europe,Poland,2023-03-13,6453221,532,119030,0
2353,213112,POL,Europe,Poland,2023-03-14,6458301,5080,119046,16
2354,213113,POL,Europe,Poland,2023-03-15,6462369,4068,119072,26
2355,213114,POL,Europe,Poland,2023-03-16,6466025,3656,119101,29
2356,213115,POL,Europe,Poland,2023-03-17,6469381,3356,119109,8
2357,213116,POL,Europe,Poland,2023-03-18,6472579,3198,119136,27
2358,213117,POL,Europe,Poland,2023-03-19,6473008,429,119136,0
2359,213118,POL,Europe,Poland,2023-03-20,6473400,392,119138,2
2360,213119,POL,Europe,Poland,2023-03-21,6477600,4200,119170,32
2361,213120,POL,Europe,Poland,2023-03-22,6480647,3047,119199,29
2362,213121,POL,Europe,Poland,2023-03-23,6483371,2724,119216,17
2363,213122,POL,Europe,Poland,2023-03-24,6485721,2350,119231,15
2364,213123,POL,Europe,Poland,2023-03-25,6488072,2351,119244,13
2365,213124,POL,Europe,Poland,2023-03-26,6488375,303,119245,1
2366,213125,POL,Europe,Poland,2023-03-27,6488703,328,119245,0
2367,213126,POL,Europe,Poland,2023-03-28,6491417,2714,119265,20
2368,213127,POL,Europe,Poland,2023-03-29,6491417,,119265,
2369,,,,,,,,,
2370,,,,,,,,,
2371,,,,,,,,,
2372,,,,,,,,,
2373,,,,,,,,,
