,Date_reported,Country_code,Country,WHO_region,New_cases,Cumulative_cases,New_deaths,Cumulative_deaths
3504,2020-01-03,SE,Sweden,EURO,0,0,0,0
3505,2020-01-04,SE,Sweden,EURO,0,0,0,0
3506,2020-01-05,SE,Sweden,EURO,0,0,0,0
3507,2020-01-06,SE,Sweden,EURO,0,0,0,0
3508,2020-01-07,SE,Sweden,EURO,0,0,0,0
3509,2020-01-08,SE,Sweden,EURO,0,0,0,0
3510,2020-01-09,SE,Sweden,EURO,0,0,0,0
3511,2020-01-10,SE,Sweden,EURO,0,0,0,0
3512,2020-01-11,SE,Sweden,EURO,0,0,0,0
3513,2020-01-12,SE,Sweden,EURO,0,0,0,0
3514,2020-01-13,SE,Sweden,EURO,0,0,0,0
3515,2020-01-14,SE,Sweden,EURO,0,0,0,0
3516,2020-01-15,SE,Sweden,EURO,0,0,0,0
3517,2020-01-16,SE,Sweden,EURO,0,0,0,0
3518,2020-01-17,SE,Sweden,EURO,0,0,0,0
3519,2020-01-18,SE,Sweden,EURO,0,0,0,0
3520,2020-01-19,SE,Sweden,EURO,0,0,0,0
3521,2020-01-20,SE,Sweden,EURO,0,0,0,0
3522,2020-01-21,SE,Sweden,EURO,0,0,0,0
3523,2020-01-22,SE,Sweden,EURO,0,0,0,0
3524,2020-01-23,SE,Sweden,EURO,0,0,0,0
3525,2020-01-24,SE,Sweden,EURO,0,0,0,0
3526,2020-01-25,SE,Sweden,EURO,0,0,0,0
3527,2020-01-26,SE,Sweden,EURO,0,0,0,0
3528,2020-01-27,SE,Sweden,EURO,0,0,0,0
3529,2020-01-28,SE,Sweden,EURO,0,0,0,0
3530,2020-01-29,SE,Sweden,EURO,0,0,0,0
3531,2020-01-30,SE,Sweden,EURO,0,0,0,0
3532,2020-01-31,SE,Sweden,EURO,1,1,0,0
3533,2020-02-01,SE,Sweden,EURO,0,1,0,0
3534,2020-02-02,SE,Sweden,EURO,0,1,0,0
3535,2020-02-03,SE,Sweden,EURO,0,1,0,0
3536,2020-02-04,SE,Sweden,EURO,0,1,0,0
3537,2020-02-05,SE,Sweden,EURO,0,1,0,0
3538,2020-02-06,SE,Sweden,EURO,0,1,0,0
3539,2020-02-07,SE,Sweden,EURO,0,1,0,0
3540,2020-02-08,SE,Sweden,EURO,0,1,0,0
3541,2020-02-09,SE,Sweden,EURO,0,1,0,0
3542,2020-02-10,SE,Sweden,EURO,0,1,0,0
3543,2020-02-11,SE,Sweden,EURO,0,1,0,0
3544,2020-02-12,SE,Sweden,EURO,0,1,0,0
3545,2020-02-13,SE,Sweden,EURO,0,1,0,0
3546,2020-02-14,SE,Sweden,EURO,0,1,0,0
3547,2020-02-15,SE,Sweden,EURO,0,1,0,0
3548,2020-02-16,SE,Sweden,EURO,0,1,0,0
3549,2020-02-17,SE,Sweden,EURO,0,1,0,0
3550,2020-02-18,SE,Sweden,EURO,0,1,0,0
3551,2020-02-19,SE,Sweden,EURO,0,1,0,0
3552,2020-02-20,SE,Sweden,EURO,0,1,0,0
3553,2020-02-21,SE,Sweden,EURO,0,1,0,0
3554,2020-02-22,SE,Sweden,EURO,0,1,0,0
3555,2020-02-23,SE,Sweden,EURO,0,1,0,0
3556,2020-02-24,SE,Sweden,EURO,0,1,0,0
3557,2020-02-25,SE,Sweden,EURO,0,1,0,0
3558,2020-02-26,SE,Sweden,EURO,0,1,0,0
3559,2020-02-27,SE,Sweden,EURO,0,1,0,0
3560,2020-02-28,SE,Sweden,EURO,1,2,0,0
3561,2020-02-29,SE,Sweden,EURO,1,3,0,0
3562,2020-03-01,SE,Sweden,EURO,8,11,0,0
3563,2020-03-02,SE,Sweden,EURO,3,14,0,0
3564,2020-03-03,SE,Sweden,EURO,0,14,0,0
3565,2020-03-04,SE,Sweden,EURO,5,19,0,0
3566,2020-03-05,SE,Sweden,EURO,13,32,0,0
3567,2020-03-06,SE,Sweden,EURO,30,62,0,0
3568,2020-03-07,SE,Sweden,EURO,25,87,0,0
3569,2020-03-08,SE,Sweden,EURO,59,146,0,0
3570,2020-03-09,SE,Sweden,EURO,33,179,0,0
3571,2020-03-10,SE,Sweden,EURO,46,225,0,0
3572,2020-03-11,SE,Sweden,EURO,101,326,0,0
3573,2020-03-12,SE,Sweden,EURO,98,424,1,1
3574,2020-03-13,SE,Sweden,EURO,196,620,0,1
3575,2020-03-14,SE,Sweden,EURO,151,771,0,1
3576,2020-03-15,SE,Sweden,EURO,152,923,1,2
3577,2020-03-16,SE,Sweden,EURO,71,994,1,3
3578,2020-03-17,SE,Sweden,EURO,69,1063,2,5
3579,2020-03-18,SE,Sweden,EURO,83,1146,2,7
3580,2020-03-19,SE,Sweden,EURO,119,1265,1,8
3581,2020-03-20,SE,Sweden,EURO,145,1410,6,14
3582,2020-03-21,SE,Sweden,EURO,143,1553,7,21
3583,2020-03-22,SE,Sweden,EURO,180,1733,9,30
3584,2020-03-23,SE,Sweden,EURO,136,1869,8,38
3585,2020-03-24,SE,Sweden,EURO,118,1987,11,49
3586,2020-03-25,SE,Sweden,EURO,182,2169,11,60
3587,2020-03-26,SE,Sweden,EURO,230,2399,21,81
3588,2020-03-27,SE,Sweden,EURO,314,2713,22,103
3589,2020-03-28,SE,Sweden,EURO,286,2999,31,134
3590,2020-03-29,SE,Sweden,EURO,365,3364,32,166
3591,2020-03-30,SE,Sweden,EURO,300,3664,35,201
3592,2020-03-31,SE,Sweden,EURO,280,3944,38,239
3593,2020-04-01,SE,Sweden,EURO,416,4360,45,284
3594,2020-04-02,SE,Sweden,EURO,474,4834,48,332
3595,2020-04-03,SE,Sweden,EURO,486,5320,53,385
3596,2020-04-04,SE,Sweden,EURO,554,5874,70,455
3597,2020-04-05,SE,Sweden,EURO,602,6476,80,535
3598,2020-04-06,SE,Sweden,EURO,357,6833,70,605
3599,2020-04-07,SE,Sweden,EURO,340,7173,85,690
3600,2020-04-08,SE,Sweden,EURO,389,7562,90,780
3601,2020-04-09,SE,Sweden,EURO,739,8301,84,864
3602,2020-04-10,SE,Sweden,EURO,654,8955,148,1012
3603,2020-04-11,SE,Sweden,EURO,645,9600,86,1098
3604,2020-04-12,SE,Sweden,EURO,454,10054,90,1188
3605,2020-04-13,SE,Sweden,EURO,395,10449,102,1290
3606,2020-04-14,SE,Sweden,EURO,464,10913,97,1387
3607,2020-04-15,SE,Sweden,EURO,437,11350,84,1471
3608,2020-04-16,SE,Sweden,EURO,479,11829,91,1562
3609,2020-04-17,SE,Sweden,EURO,604,12433,115,1677
3610,2020-04-18,SE,Sweden,EURO,623,13056,111,1788
3611,2020-04-19,SE,Sweden,EURO,689,13745,83,1871
3612,2020-04-20,SE,Sweden,EURO,532,14277,86,1957
3613,2020-04-21,SE,Sweden,EURO,388,14665,87,2044
3614,2020-04-22,SE,Sweden,EURO,461,15126,85,2129
3615,2020-04-23,SE,Sweden,EURO,707,15833,62,2191
3616,2020-04-24,SE,Sweden,EURO,723,16556,77,2268
3617,2020-04-25,SE,Sweden,EURO,758,17314,86,2354
3618,2020-04-26,SE,Sweden,EURO,781,18095,89,2443
3619,2020-04-27,SE,Sweden,EURO,473,18568,73,2516
3620,2020-04-28,SE,Sweden,EURO,300,18868,74,2590
3621,2020-04-29,SE,Sweden,EURO,563,19431,74,2664
3622,2020-04-30,SE,Sweden,EURO,742,20173,83,2747
3623,2020-05-01,SE,Sweden,EURO,799,20972,83,2830
3624,2020-05-02,SE,Sweden,EURO,636,21608,78,2908
3625,2020-05-03,SE,Sweden,EURO,532,22140,78,2986
3626,2020-05-04,SE,Sweden,EURO,299,22439,72,3058
3627,2020-05-05,SE,Sweden,EURO,261,22700,75,3133
3628,2020-05-06,SE,Sweden,EURO,477,23177,83,3216
3629,2020-05-07,SE,Sweden,EURO,657,23834,72,3288
3630,2020-05-08,SE,Sweden,EURO,745,24579,73,3361
3631,2020-05-09,SE,Sweden,EURO,785,25364,80,3441
3632,2020-05-10,SE,Sweden,EURO,701,26065,60,3501
3633,2020-05-11,SE,Sweden,EURO,509,26574,68,3569
3634,2020-05-12,SE,Sweden,EURO,279,26853,73,3642
3635,2020-05-13,SE,Sweden,EURO,455,27308,65,3707
3636,2020-05-14,SE,Sweden,EURO,754,28062,61,3768
3637,2020-05-15,SE,Sweden,EURO,698,28760,50,3818
3638,2020-05-16,SE,Sweden,EURO,657,29417,46,3864
3639,2020-05-17,SE,Sweden,EURO,688,30105,58,3922
3640,2020-05-18,SE,Sweden,EURO,358,30463,48,3970
3641,2020-05-19,SE,Sweden,EURO,259,30722,52,4022
3642,2020-05-20,SE,Sweden,EURO,430,31152,59,4081
3643,2020-05-21,SE,Sweden,EURO,666,31818,41,4122
3644,2020-05-22,SE,Sweden,EURO,808,32626,52,4174
3645,2020-05-23,SE,Sweden,EURO,610,33236,53,4227
3646,2020-05-24,SE,Sweden,EURO,532,33768,56,4283
3647,2020-05-25,SE,Sweden,EURO,403,34171,55,4338
3648,2020-05-26,SE,Sweden,EURO,210,34381,44,4382
3649,2020-05-27,SE,Sweden,EURO,490,34871,42,4424
3650,2020-05-28,SE,Sweden,EURO,746,35617,28,4452
3651,2020-05-29,SE,Sweden,EURO,800,36417,38,4490
3652,2020-05-30,SE,Sweden,EURO,774,37191,40,4530
3653,2020-05-31,SE,Sweden,EURO,773,37964,40,4570
3654,2020-06-01,SE,Sweden,EURO,432,38396,38,4608
3655,2020-06-02,SE,Sweden,EURO,265,38661,46,4654
3656,2020-06-03,SE,Sweden,EURO,648,39309,39,4693
3657,2020-06-04,SE,Sweden,EURO,900,40209,36,4729
3658,2020-06-05,SE,Sweden,EURO,1046,41255,28,4757
3659,2020-06-06,SE,Sweden,EURO,1039,42294,44,4801
3660,2020-06-07,SE,Sweden,EURO,1146,43440,37,4838
3661,2020-06-08,SE,Sweden,EURO,780,44220,29,4867
3662,2020-06-09,SE,Sweden,EURO,462,44682,33,4900
3663,2020-06-10,SE,Sweden,EURO,677,45359,38,4938
3664,2020-06-11,SE,Sweden,EURO,937,46296,33,4971
3665,2020-06-12,SE,Sweden,EURO,1437,47733,39,5010
3666,2020-06-13,SE,Sweden,EURO,1293,49026,35,5045
3667,2020-06-14,SE,Sweden,EURO,1329,50355,29,5074
3668,2020-06-15,SE,Sweden,EURO,1032,51387,33,5107
3669,2020-06-16,SE,Sweden,EURO,418,51805,27,5134
3670,2020-06-17,SE,Sweden,EURO,685,52490,30,5164
3671,2020-06-18,SE,Sweden,EURO,1209,53699,28,5192
3672,2020-06-19,SE,Sweden,EURO,1457,55156,32,5224
3673,2020-06-20,SE,Sweden,EURO,1494,56650,29,5253
3674,2020-06-21,SE,Sweden,EURO,1209,57859,30,5283
3675,2020-06-22,SE,Sweden,EURO,698,58557,29,5312
3676,2020-06-23,SE,Sweden,EURO,321,58878,22,5334
3677,2020-06-24,SE,Sweden,EURO,800,59678,20,5354
3678,2020-06-25,SE,Sweden,EURO,1309,60987,25,5379
3679,2020-06-26,SE,Sweden,EURO,1696,62683,22,5401
3680,2020-06-27,SE,Sweden,EURO,1276,63959,23,5424
3681,2020-06-28,SE,Sweden,EURO,1204,65163,11,5435
3682,2020-06-29,SE,Sweden,EURO,755,65918,14,5449
3683,2020-06-30,SE,Sweden,EURO,415,66333,23,5472
3684,2020-07-01,SE,Sweden,EURO,726,67059,16,5488
3685,2020-07-02,SE,Sweden,EURO,808,67867,20,5508
3686,2020-07-03,SE,Sweden,EURO,685,68552,15,5523
3687,2020-07-04,SE,Sweden,EURO,687,69239,15,5538
3688,2020-07-05,SE,Sweden,EURO,694,69933,8,5546
3689,2020-07-06,SE,Sweden,EURO,364,70297,15,5561
3690,2020-07-07,SE,Sweden,EURO,315,70612,9,5570
3691,2020-07-08,SE,Sweden,EURO,251,70863,15,5585
3692,2020-07-09,SE,Sweden,EURO,278,71141,12,5597
3693,2020-07-10,SE,Sweden,EURO,533,71674,10,5607
3694,2020-07-11,SE,Sweden,EURO,334,72008,15,5622
3695,2020-07-12,SE,Sweden,EURO,369,72377,14,5636
3696,2020-07-13,SE,Sweden,EURO,308,72685,10,5646
3697,2020-07-14,SE,Sweden,EURO,106,72791,8,5654
3698,2020-07-15,SE,Sweden,EURO,170,72961,12,5666
3699,2020-07-16,SE,Sweden,EURO,312,73273,8,5674
3700,2020-07-17,SE,Sweden,EURO,287,73560,6,5680
3701,2020-07-18,SE,Sweden,EURO,268,73828,6,5686
3702,2020-07-19,SE,Sweden,EURO,284,74112,7,5693
3703,2020-07-20,SE,Sweden,EURO,191,74303,11,5704
3704,2020-07-21,SE,Sweden,EURO,110,74413,7,5711
3705,2020-07-22,SE,Sweden,EURO,131,74544,6,5717
3706,2020-07-23,SE,Sweden,EURO,226,74770,7,5724
3707,2020-07-24,SE,Sweden,EURO,297,75067,6,5730
3708,2020-07-25,SE,Sweden,EURO,220,75287,5,5735
3709,2020-07-26,SE,Sweden,EURO,262,75549,3,5738
3710,2020-07-27,SE,Sweden,EURO,138,75687,1,5739
3711,2020-07-28,SE,Sweden,EURO,42,75729,2,5741
3712,2020-07-29,SE,Sweden,EURO,71,75800,6,5747
3713,2020-07-30,SE,Sweden,EURO,283,76083,4,5751
3714,2020-07-31,SE,Sweden,EURO,301,76384,1,5752
3715,2020-08-01,SE,Sweden,EURO,302,76686,0,5752
3716,2020-08-02,SE,Sweden,EURO,258,76944,2,5754
3717,2020-08-03,SE,Sweden,EURO,303,77247,2,5756
3718,2020-08-04,SE,Sweden,EURO,38,77285,3,5759
3719,2020-08-05,SE,Sweden,EURO,165,77450,4,5763
3720,2020-08-06,SE,Sweden,EURO,333,77783,2,5765
3721,2020-08-07,SE,Sweden,EURO,425,78208,1,5766
3722,2020-08-08,SE,Sweden,EURO,378,78586,4,5770
3723,2020-08-09,SE,Sweden,EURO,380,78966,2,5772
3724,2020-08-10,SE,Sweden,EURO,260,79226,1,5773
3725,2020-08-11,SE,Sweden,EURO,73,79299,4,5777
3726,2020-08-12,SE,Sweden,EURO,196,79495,2,5779
3727,2020-08-13,SE,Sweden,EURO,417,79912,4,5783
3728,2020-08-14,SE,Sweden,EURO,443,80355,3,5786
3729,2020-08-15,SE,Sweden,EURO,363,80718,5,5791
3730,2020-08-16,SE,Sweden,EURO,344,81062,1,5792
3731,2020-08-17,SE,Sweden,EURO,226,81288,1,5793
3732,2020-08-18,SE,Sweden,EURO,63,81351,0,5793
3733,2020-08-19,SE,Sweden,EURO,174,81525,3,5796
3734,2020-08-20,SE,Sweden,EURO,314,81839,4,5800
3735,2020-08-21,SE,Sweden,EURO,351,82190,1,5801
3736,2020-08-22,SE,Sweden,EURO,333,82523,2,5803
3737,2020-08-23,SE,Sweden,EURO,298,82821,5,5808
3738,2020-08-24,SE,Sweden,EURO,160,82981,1,5809
3739,2020-08-25,SE,Sweden,EURO,57,83038,3,5812
3740,2020-08-26,SE,Sweden,EURO,174,83212,1,5813
3741,2020-08-27,SE,Sweden,EURO,222,83434,1,5814
3742,2020-08-28,SE,Sweden,EURO,244,83678,2,5816
3743,2020-08-29,SE,Sweden,EURO,202,83880,1,5817
3744,2020-08-30,SE,Sweden,EURO,179,84059,1,5818
3745,2020-08-31,SE,Sweden,EURO,131,84190,1,5819
3746,2020-09-01,SE,Sweden,EURO,48,84238,3,5822
3747,2020-09-02,SE,Sweden,EURO,162,84400,2,5824
3748,2020-09-03,SE,Sweden,EURO,171,84571,3,5827
3749,2020-09-04,SE,Sweden,EURO,213,84784,2,5829
3750,2020-09-05,SE,Sweden,EURO,286,85070,2,5831
3751,2020-09-06,SE,Sweden,EURO,262,85332,0,5831
3752,2020-09-07,SE,Sweden,EURO,171,85503,0,5831
3753,2020-09-08,SE,Sweden,EURO,67,85570,3,5834
3754,2020-09-09,SE,Sweden,EURO,185,85755,1,5835
3755,2020-09-10,SE,Sweden,EURO,236,85991,1,5836
3756,2020-09-11,SE,Sweden,EURO,314,86305,2,5838
3757,2020-09-12,SE,Sweden,EURO,254,86559,2,5840
3758,2020-09-13,SE,Sweden,EURO,291,86850,4,5844
3759,2020-09-14,SE,Sweden,EURO,206,87056,1,5845
3760,2020-09-15,SE,Sweden,EURO,106,87162,2,5847
3761,2020-09-16,SE,Sweden,EURO,220,87382,2,5849
3762,2020-09-17,SE,Sweden,EURO,292,87674,1,5850
3763,2020-09-18,SE,Sweden,EURO,330,88004,2,5852
3764,2020-09-19,SE,Sweden,EURO,389,88393,1,5853
3765,2020-09-20,SE,Sweden,EURO,437,88830,1,5854
3766,2020-09-21,SE,Sweden,EURO,279,89109,1,5855
3767,2020-09-22,SE,Sweden,EURO,133,89242,4,5859
3768,2020-09-23,SE,Sweden,EURO,266,89508,2,5861
3769,2020-09-24,SE,Sweden,EURO,438,89946,1,5862
3770,2020-09-25,SE,Sweden,EURO,553,90499,0,5862
3771,2020-09-26,SE,Sweden,EURO,540,91039,1,5863
3772,2020-09-27,SE,Sweden,EURO,630,91669,4,5867
3773,2020-09-28,SE,Sweden,EURO,325,91994,2,5869
3774,2020-09-29,SE,Sweden,EURO,167,92161,1,5870
3775,2020-09-30,SE,Sweden,EURO,378,92539,1,5871
3776,2020-10-01,SE,Sweden,EURO,613,93152,2,5873
3777,2020-10-02,SE,Sweden,EURO,689,93841,4,5877
3778,2020-10-03,SE,Sweden,EURO,633,94474,1,5878
3779,2020-10-04,SE,Sweden,EURO,712,95186,3,5881
3780,2020-10-05,SE,Sweden,EURO,461,95647,3,5884
3781,2020-10-06,SE,Sweden,EURO,156,95803,3,5887
3782,2020-10-07,SE,Sweden,EURO,374,96177,2,5889
3783,2020-10-08,SE,Sweden,EURO,786,96963,4,5893
3784,2020-10-09,SE,Sweden,EURO,831,97794,3,5896
3785,2020-10-10,SE,Sweden,EURO,834,98628,1,5897
3786,2020-10-11,SE,Sweden,EURO,783,99411,5,5902
3787,2020-10-12,SE,Sweden,EURO,509,99920,5,5907
3788,2020-10-13,SE,Sweden,EURO,161,100081,2,5909
3789,2020-10-14,SE,Sweden,EURO,637,100718,3,5912
3790,2020-10-15,SE,Sweden,EURO,916,101634,1,5913
3791,2020-10-16,SE,Sweden,EURO,968,102602,2,5915
3792,2020-10-17,SE,Sweden,EURO,902,103504,3,5918
3793,2020-10-18,SE,Sweden,EURO,1179,104683,2,5920
3794,2020-10-19,SE,Sweden,EURO,697,105380,4,5924
3795,2020-10-20,SE,Sweden,EURO,321,105701,1,5925
3796,2020-10-21,SE,Sweden,EURO,771,106472,4,5929
3797,2020-10-22,SE,Sweden,EURO,1289,107761,4,5933
3798,2020-10-23,SE,Sweden,EURO,1571,109332,3,5936
3799,2020-10-24,SE,Sweden,EURO,1666,110998,9,5945
3800,2020-10-25,SE,Sweden,EURO,1867,112865,7,5952
3801,2020-10-26,SE,Sweden,EURO,1477,114342,8,5960
3802,2020-10-27,SE,Sweden,EURO,514,114856,8,5968
3803,2020-10-28,SE,Sweden,EURO,1069,115925,11,5979
3804,2020-10-29,SE,Sweden,EURO,2414,118339,9,5988
3805,2020-10-30,SE,Sweden,EURO,3389,121728,9,5997
3806,2020-10-31,SE,Sweden,EURO,3262,124990,9,6006
3807,2020-11-01,SE,Sweden,EURO,4056,129046,9,6015
3808,2020-11-02,SE,Sweden,EURO,2987,132033,13,6028
3809,2020-11-03,SE,Sweden,EURO,1297,133330,22,6050
3810,2020-11-04,SE,Sweden,EURO,1569,134899,20,6070
3811,2020-11-05,SE,Sweden,EURO,3608,138507,20,6090
3812,2020-11-06,SE,Sweden,EURO,4482,142989,21,6111
3813,2020-11-07,SE,Sweden,EURO,4744,147733,22,6133
3814,2020-11-08,SE,Sweden,EURO,4454,152187,25,6158
3815,2020-11-09,SE,Sweden,EURO,4451,156638,27,6185
3816,2020-11-10,SE,Sweden,EURO,2097,158735,22,6207
3817,2020-11-11,SE,Sweden,EURO,3725,162460,35,6242
3818,2020-11-12,SE,Sweden,EURO,4497,166957,35,6277
3819,2020-11-13,SE,Sweden,EURO,5709,172666,27,6304
3820,2020-11-14,SE,Sweden,EURO,5564,178230,28,6332
3821,2020-11-15,SE,Sweden,EURO,6730,184960,33,6365
3822,2020-11-16,SE,Sweden,EURO,3513,188473,38,6403
3823,2020-11-17,SE,Sweden,EURO,1581,190054,39,6442
3824,2020-11-18,SE,Sweden,EURO,2544,192598,37,6479
3825,2020-11-19,SE,Sweden,EURO,4458,197056,44,6523
3826,2020-11-20,SE,Sweden,EURO,4961,202017,50,6573
3827,2020-11-21,SE,Sweden,EURO,7609,209626,46,6619
3828,2020-11-22,SE,Sweden,EURO,5458,215084,45,6664
3829,2020-11-23,SE,Sweden,EURO,4492,219576,51,6715
3830,2020-11-24,SE,Sweden,EURO,2422,221998,59,6774
3831,2020-11-25,SE,Sweden,EURO,3877,225875,55,6829
3832,2020-11-26,SE,Sweden,EURO,5674,231549,68,6897
3833,2020-11-27,SE,Sweden,EURO,6066,237615,69,6966
3834,2020-11-28,SE,Sweden,EURO,6903,244518,60,7026
3835,2020-11-29,SE,Sweden,EURO,6462,250980,65,7091
3836,2020-11-30,SE,Sweden,EURO,3825,254805,50,7141
3837,2020-12-01,SE,Sweden,EURO,2753,257558,50,7191
3838,2020-12-02,SE,Sweden,EURO,3480,261038,67,7258
3839,2020-12-03,SE,Sweden,EURO,5819,266857,67,7325
3840,2020-12-04,SE,Sweden,EURO,6547,273404,71,7396
3841,2020-12-05,SE,Sweden,EURO,6986,280390,77,7473
3842,2020-12-06,SE,Sweden,EURO,7338,287728,70,7543
3843,2020-12-07,SE,Sweden,EURO,4864,292592,43,7586
3844,2020-12-08,SE,Sweden,EURO,1803,294395,81,7667
3845,2020-12-09,SE,Sweden,EURO,3782,298177,58,7725
3846,2020-12-10,SE,Sweden,EURO,7446,305623,54,7779
3847,2020-12-11,SE,Sweden,EURO,8398,314021,74,7853
3848,2020-12-12,SE,Sweden,EURO,6693,320714,86,7939
3849,2020-12-13,SE,Sweden,EURO,7717,328431,89,8028
3850,2020-12-14,SE,Sweden,EURO,6538,334969,68,8096
3851,2020-12-15,SE,Sweden,EURO,3057,338026,71,8167
3852,2020-12-16,SE,Sweden,EURO,3534,341560,94,8261
3853,2020-12-17,SE,Sweden,EURO,7001,348561,88,8349
3854,2020-12-18,SE,Sweden,EURO,8824,357385,102,8451
3855,2020-12-19,SE,Sweden,EURO,9640,367025,116,8567
3856,2020-12-20,SE,Sweden,EURO,7917,374942,71,8638
3857,2020-12-21,SE,Sweden,EURO,5509,380451,80,8718
3858,2020-12-22,SE,Sweden,EURO,3752,384203,94,8812
3859,2020-12-23,SE,Sweden,EURO,5160,389363,76,8888
3860,2020-12-24,SE,Sweden,EURO,6595,395958,93,8981
3861,2020-12-25,SE,Sweden,EURO,11376,407334,87,9068
3862,2020-12-26,SE,Sweden,EURO,5036,412370,88,9156
3863,2020-12-27,SE,Sweden,EURO,2793,415163,106,9262
3864,2020-12-28,SE,Sweden,EURO,2966,418129,94,9356
3865,2020-12-29,SE,Sweden,EURO,3208,421337,99,9455
3866,2020-12-30,SE,Sweden,EURO,7091,428428,121,9576
3867,2020-12-31,SE,Sweden,EURO,8872,437300,73,9649
3868,2021-01-01,SE,Sweden,EURO,10459,447759,90,9739
3869,2021-01-02,SE,Sweden,EURO,6999,454758,110,9849
3870,2021-01-03,SE,Sweden,EURO,2618,457376,87,9936
3871,2021-01-04,SE,Sweden,EURO,2530,459906,99,10035
3872,2021-01-05,SE,Sweden,EURO,2754,462660,83,10118
3873,2021-01-06,SE,Sweden,EURO,6982,469642,86,10204
3874,2021-01-07,SE,Sweden,EURO,7546,477188,93,10297
3875,2021-01-08,SE,Sweden,EURO,5028,482216,82,10379
3876,2021-01-09,SE,Sweden,EURO,7148,489364,103,10482
3877,2021-01-10,SE,Sweden,EURO,5690,495054,99,10581
3878,2021-01-11,SE,Sweden,EURO,4735,499789,89,10670
3879,2021-01-12,SE,Sweden,EURO,2317,502106,92,10762
3880,2021-01-13,SE,Sweden,EURO,4648,506754,89,10851
3881,2021-01-14,SE,Sweden,EURO,5334,512088,89,10940
3882,2021-01-15,SE,Sweden,EURO,6595,518683,91,11031
3883,2021-01-16,SE,Sweden,EURO,4743,523426,95,11126
3884,2021-01-17,SE,Sweden,EURO,4205,527631,90,11216
3885,2021-01-18,SE,Sweden,EURO,2160,529791,83,11299
3886,2021-01-19,SE,Sweden,EURO,1250,531041,61,11360
3887,2021-01-20,SE,Sweden,EURO,2111,533152,72,11432
3888,2021-01-21,SE,Sweden,EURO,4732,537884,92,11524
3889,2021-01-22,SE,Sweden,EURO,4946,542830,87,11611
3890,2021-01-23,SE,Sweden,EURO,4196,547026,88,11699
3891,2021-01-24,SE,Sweden,EURO,3722,550748,59,11758
3892,2021-01-25,SE,Sweden,EURO,2368,553116,64,11822
3893,2021-01-26,SE,Sweden,EURO,1147,554263,51,11873
3894,2021-01-27,SE,Sweden,EURO,1884,556147,59,11932
3895,2021-01-28,SE,Sweden,EURO,4186,560333,67,11999
3896,2021-01-29,SE,Sweden,EURO,4105,564438,54,12053
3897,2021-01-30,SE,Sweden,EURO,2368,566806,55,12108
3898,2021-01-31,SE,Sweden,EURO,4252,571058,58,12166
3899,2021-02-01,SE,Sweden,EURO,2695,573753,57,12223
3900,2021-02-02,SE,Sweden,EURO,1164,574917,39,12262
3901,2021-02-03,SE,Sweden,EURO,1551,576468,46,12308
3902,2021-02-04,SE,Sweden,EURO,4315,580783,43,12351
3903,2021-02-05,SE,Sweden,EURO,3737,584520,52,12403
3904,2021-02-06,SE,Sweden,EURO,3396,587916,30,12433
3905,2021-02-07,SE,Sweden,EURO,3260,591176,36,12469
3906,2021-02-08,SE,Sweden,EURO,2332,593508,33,12502
3907,2021-02-09,SE,Sweden,EURO,1013,594521,29,12531
3908,2021-02-10,SE,Sweden,EURO,1505,596026,39,12570
3909,2021-02-11,SE,Sweden,EURO,4069,600095,25,12595
3910,2021-02-12,SE,Sweden,EURO,4353,604448,27,12622
3911,2021-02-13,SE,Sweden,EURO,3804,608252,33,12655
3912,2021-02-14,SE,Sweden,EURO,3569,611821,28,12683
3913,2021-02-15,SE,Sweden,EURO,2771,614592,25,12708
3914,2021-02-16,SE,Sweden,EURO,1211,615803,28,12736
3915,2021-02-17,SE,Sweden,EURO,1901,617704,23,12759
3916,2021-02-18,SE,Sweden,EURO,4205,621909,22,12781
3917,2021-02-19,SE,Sweden,EURO,4965,626874,34,12815
3918,2021-02-20,SE,Sweden,EURO,4134,631008,18,12833
3919,2021-02-21,SE,Sweden,EURO,4028,635036,25,12858
3920,2021-02-22,SE,Sweden,EURO,2781,637817,29,12887
3921,2021-02-23,SE,Sweden,EURO,1599,639416,21,12908
3922,2021-02-24,SE,Sweden,EURO,2538,641954,25,12933
3923,2021-02-25,SE,Sweden,EURO,5404,647358,13,12946
3924,2021-02-26,SE,Sweden,EURO,4977,652335,26,12972
3925,2021-02-27,SE,Sweden,EURO,4830,657165,20,12992
3926,2021-02-28,SE,Sweden,EURO,4583,661748,18,13010
3927,2021-03-01,SE,Sweden,EURO,3107,664855,19,13029
3928,2021-03-02,SE,Sweden,EURO,1242,666097,25,13054
3929,2021-03-03,SE,Sweden,EURO,2826,668923,24,13078
3930,2021-03-04,SE,Sweden,EURO,6189,675112,23,13101
3931,2021-03-05,SE,Sweden,EURO,4869,679981,19,13120
3932,2021-03-06,SE,Sweden,EURO,4883,684864,19,13139
3933,2021-03-07,SE,Sweden,EURO,4069,688933,15,13154
3934,2021-03-08,SE,Sweden,EURO,3452,692385,12,13166
3935,2021-03-09,SE,Sweden,EURO,1451,693836,17,13183
3936,2021-03-10,SE,Sweden,EURO,1982,695818,24,13207
3937,2021-03-11,SE,Sweden,EURO,5928,701746,20,13227
3938,2021-03-12,SE,Sweden,EURO,5326,707072,21,13248
3939,2021-03-13,SE,Sweden,EURO,5332,712404,16,13264
3940,2021-03-14,SE,Sweden,EURO,4994,717398,19,13283
3941,2021-03-15,SE,Sweden,EURO,3953,721351,19,13302
3942,2021-03-16,SE,Sweden,EURO,1040,722391,22,13324
3943,2021-03-17,SE,Sweden,EURO,2714,725105,21,13345
3944,2021-03-18,SE,Sweden,EURO,6786,731891,15,13360
3945,2021-03-19,SE,Sweden,EURO,6431,738322,19,13379
3946,2021-03-20,SE,Sweden,EURO,5736,744058,18,13397
3947,2021-03-21,SE,Sweden,EURO,5406,749464,11,13408
3948,2021-03-22,SE,Sweden,EURO,4380,753844,25,13433
3949,2021-03-23,SE,Sweden,EURO,1579,755423,18,13451
3950,2021-03-24,SE,Sweden,EURO,2687,758110,16,13467
3951,2021-03-25,SE,Sweden,EURO,7652,765762,14,13481
3952,2021-03-26,SE,Sweden,EURO,7706,773468,16,13497
3953,2021-03-27,SE,Sweden,EURO,6365,779833,22,13519
3954,2021-03-28,SE,Sweden,EURO,6294,786127,22,13541
3955,2021-03-29,SE,Sweden,EURO,5196,791323,19,13560
3956,2021-03-30,SE,Sweden,EURO,1980,793303,17,13577
3957,2021-03-31,SE,Sweden,EURO,2962,796265,23,13600
3958,2021-04-01,SE,Sweden,EURO,8468,804733,16,13616
3959,2021-04-02,SE,Sweden,EURO,8290,813023,24,13640
3960,2021-04-03,SE,Sweden,EURO,6976,819999,25,13665
3961,2021-04-04,SE,Sweden,EURO,6836,826835,22,13687
3962,2021-04-05,SE,Sweden,EURO,3403,830238,18,13705
3963,2021-04-06,SE,Sweden,EURO,1449,831687,14,13719
3964,2021-04-07,SE,Sweden,EURO,3103,834790,24,13743
3965,2021-04-08,SE,Sweden,EURO,6813,841603,13,13756
3966,2021-04-09,SE,Sweden,EURO,7824,849427,22,13778
3967,2021-04-10,SE,Sweden,EURO,7760,857187,22,13800
3968,2021-04-11,SE,Sweden,EURO,7626,864813,24,13824
3969,2021-04-12,SE,Sweden,EURO,5626,870439,11,13835
3970,2021-04-13,SE,Sweden,EURO,2390,872829,17,13852
3971,2021-04-14,SE,Sweden,EURO,3471,876300,16,13868
3972,2021-04-15,SE,Sweden,EURO,8870,885170,21,13889
3973,2021-04-16,SE,Sweden,EURO,7093,892263,28,13917
3974,2021-04-17,SE,Sweden,EURO,7665,899928,25,13942
3975,2021-04-18,SE,Sweden,EURO,6440,906368,15,13957
3976,2021-04-19,SE,Sweden,EURO,4983,911351,20,13977
3977,2021-04-20,SE,Sweden,EURO,2514,913865,16,13993
3978,2021-04-21,SE,Sweden,EURO,2713,916578,15,14008
3979,2021-04-22,SE,Sweden,EURO,7538,924116,26,14034
3980,2021-04-23,SE,Sweden,EURO,7706,931822,24,14058
3981,2021-04-24,SE,Sweden,EURO,6248,938070,16,14074
3982,2021-04-25,SE,Sweden,EURO,5501,943571,17,14091
3983,2021-04-26,SE,Sweden,EURO,4568,948139,13,14104
3984,2021-04-27,SE,Sweden,EURO,1756,949895,20,14124
3985,2021-04-28,SE,Sweden,EURO,3069,952964,11,14135
3986,2021-04-29,SE,Sweden,EURO,7267,960231,23,14158
3987,2021-04-30,SE,Sweden,EURO,7144,967375,21,14179
3988,2021-05-01,SE,Sweden,EURO,5931,973306,19,14198
3989,2021-05-02,SE,Sweden,EURO,5424,978730,17,14215
3990,2021-05-03,SE,Sweden,EURO,4753,983483,12,14227
3991,2021-05-04,SE,Sweden,EURO,1718,985201,12,14239
3992,2021-05-05,SE,Sweden,EURO,3068,988269,19,14258
3993,2021-05-06,SE,Sweden,EURO,7035,995304,13,14271
3994,2021-05-07,SE,Sweden,EURO,6482,1001786,17,14288
3995,2021-05-08,SE,Sweden,EURO,5716,1007502,10,14298
3996,2021-05-09,SE,Sweden,EURO,5244,1012746,13,14311
3997,2021-05-10,SE,Sweden,EURO,4476,1017222,19,14330
3998,2021-05-11,SE,Sweden,EURO,1657,1018879,16,14346
3999,2021-05-12,SE,Sweden,EURO,2460,1021339,22,14368
4000,2021-05-13,SE,Sweden,EURO,6311,1027650,10,14378
4001,2021-05-14,SE,Sweden,EURO,5269,1032919,11,14389
4002,2021-05-15,SE,Sweden,EURO,3918,1036837,19,14408
4003,2021-05-16,SE,Sweden,EURO,2579,1039416,24,14432
4004,2021-05-17,SE,Sweden,EURO,3969,1043385,12,14444
4005,2021-05-18,SE,Sweden,EURO,1408,1044793,13,14457
4006,2021-05-19,SE,Sweden,EURO,2106,1046899,9,14466
4007,2021-05-20,SE,Sweden,EURO,4642,1051541,9,14475
4008,2021-05-21,SE,Sweden,EURO,3410,1054951,7,14482
4009,2021-05-22,SE,Sweden,EURO,3166,1058117,12,14494
4010,2021-05-23,SE,Sweden,EURO,2317,1060434,12,14506
4011,2021-05-24,SE,Sweden,EURO,1909,1062343,10,14516
4012,2021-05-25,SE,Sweden,EURO,620,1062963,11,14527
4013,2021-05-26,SE,Sweden,EURO,1195,1064158,4,14531
4014,2021-05-27,SE,Sweden,EURO,2739,1066897,8,14539
4015,2021-05-28,SE,Sweden,EURO,1418,1068315,9,14548
4016,2021-05-29,SE,Sweden,EURO,92,1068407,7,14555
4017,2021-05-30,SE,Sweden,EURO,297,1068704,8,14563
4018,2021-05-31,SE,Sweden,EURO,285,1068989,3,14566
4019,2021-06-01,SE,Sweden,EURO,1948,1070937,8,14574
4020,2021-06-02,SE,Sweden,EURO,1898,1072835,6,14580
4021,2021-06-03,SE,Sweden,EURO,2783,1075618,1,14581
4022,2021-06-04,SE,Sweden,EURO,1364,1076982,6,14587
4023,2021-06-05,SE,Sweden,EURO,1080,1078062,6,14593
4024,2021-06-06,SE,Sweden,EURO,989,1079051,14,14607
4025,2021-06-07,SE,Sweden,EURO,758,1079809,3,14610
4026,2021-06-08,SE,Sweden,EURO,222,1080031,3,14613
4027,2021-06-09,SE,Sweden,EURO,490,1080521,5,14618
4028,2021-06-10,SE,Sweden,EURO,1183,1081704,4,14622
4029,2021-06-11,SE,Sweden,EURO,825,1082529,7,14629
4030,2021-06-12,SE,Sweden,EURO,729,1083258,3,14632
4031,2021-06-13,SE,Sweden,EURO,484,1083742,1,14633
4032,2021-06-14,SE,Sweden,EURO,524,1084266,2,14635
4033,2021-06-15,SE,Sweden,EURO,159,1084425,0,14635
4034,2021-06-16,SE,Sweden,EURO,0,1084425,4,14639
4035,2021-06-17,SE,Sweden,EURO,1,1084426,2,14641
4036,2021-06-18,SE,Sweden,EURO,36,1084462,2,14643
4037,2021-06-19,SE,Sweden,EURO,2190,1086652,1,14644
4038,2021-06-20,SE,Sweden,EURO,601,1087253,3,14647
4039,2021-06-21,SE,Sweden,EURO,19,1087272,2,14649
4040,2021-06-22,SE,Sweden,EURO,1,1087273,3,14652
4041,2021-06-23,SE,Sweden,EURO,678,1087951,2,14654
4042,2021-06-24,SE,Sweden,EURO,506,1088457,3,14657
4043,2021-06-25,SE,Sweden,EURO,379,1088836,0,14657
4044,2021-06-26,SE,Sweden,EURO,373,1089209,2,14659
4045,2021-06-27,SE,Sweden,EURO,31,1089240,2,14661
4046,2021-06-28,SE,Sweden,EURO,8,1089248,0,14661
4047,2021-06-29,SE,Sweden,EURO,8,1089256,0,14661
4048,2021-06-30,SE,Sweden,EURO,444,1089700,2,14663
4049,2021-07-01,SE,Sweden,EURO,251,1089951,1,14664
4050,2021-07-02,SE,Sweden,EURO,560,1090511,1,14665
4051,2021-07-03,SE,Sweden,EURO,284,1090795,1,14666
4052,2021-07-04,SE,Sweden,EURO,326,1091121,1,14667
4053,2021-07-05,SE,Sweden,EURO,3,1091124,2,14669
4054,2021-07-06,SE,Sweden,EURO,2,1091126,0,14669
4055,2021-07-07,SE,Sweden,EURO,415,1091541,0,14669
4056,2021-07-08,SE,Sweden,EURO,369,1091910,2,14671
4057,2021-07-09,SE,Sweden,EURO,258,1092168,0,14671
4058,2021-07-10,SE,Sweden,EURO,237,1092405,0,14671
4059,2021-07-11,SE,Sweden,EURO,228,1092633,0,14671
4060,2021-07-12,SE,Sweden,EURO,7,1092640,0,14671
4061,2021-07-13,SE,Sweden,EURO,0,1092640,1,14672
4062,2021-07-14,SE,Sweden,EURO,443,1093083,0,14672
4063,2021-07-15,SE,Sweden,EURO,370,1093453,0,14672
4064,2021-07-16,SE,Sweden,EURO,350,1093803,0,14672
4065,2021-07-17,SE,Sweden,EURO,366,1094169,1,14673
4066,2021-07-18,SE,Sweden,EURO,337,1094506,0,14673
4067,2021-07-19,SE,Sweden,EURO,11,1094517,1,14674
4068,2021-07-20,SE,Sweden,EURO,6,1094523,0,14674
4069,2021-07-21,SE,Sweden,EURO,628,1095151,0,14674
4070,2021-07-22,SE,Sweden,EURO,517,1095668,0,14674
4071,2021-07-23,SE,Sweden,EURO,582,1096250,1,14675
4072,2021-07-24,SE,Sweden,EURO,477,1096727,1,14676
4073,2021-07-25,SE,Sweden,EURO,444,1097171,1,14677
4074,2021-07-26,SE,Sweden,EURO,11,1097182,0,14677
4075,2021-07-27,SE,Sweden,EURO,2,1097184,0,14677
4076,2021-07-28,SE,Sweden,EURO,839,1098023,0,14677
4077,2021-07-29,SE,Sweden,EURO,654,1098677,0,14677
4078,2021-07-30,SE,Sweden,EURO,656,1099333,1,14678
4079,2021-07-31,SE,Sweden,EURO,621,1099954,2,14680
4080,2021-08-01,SE,Sweden,EURO,685,1100639,1,14681
4081,2021-08-02,SE,Sweden,EURO,4,1100643,0,14681
4082,2021-08-03,SE,Sweden,EURO,1,1100644,0,14681
4083,2021-08-04,SE,Sweden,EURO,1151,1101795,0,14681
4084,2021-08-05,SE,Sweden,EURO,960,1102755,0,14681
4085,2021-08-06,SE,Sweden,EURO,852,1103607,0,14681
4086,2021-08-07,SE,Sweden,EURO,819,1104426,2,14683
4087,2021-08-08,SE,Sweden,EURO,818,1105244,3,14686
4088,2021-08-09,SE,Sweden,EURO,6,1105250,0,14686
4089,2021-08-10,SE,Sweden,EURO,3,1105253,2,14688
4090,2021-08-11,SE,Sweden,EURO,1485,1106738,0,14688
4091,2021-08-12,SE,Sweden,EURO,1201,1107939,1,14689
4092,2021-08-13,SE,Sweden,EURO,1057,1108996,0,14689
4093,2021-08-14,SE,Sweden,EURO,1040,1110036,2,14691
4094,2021-08-15,SE,Sweden,EURO,1016,1111052,2,14693
4095,2021-08-16,SE,Sweden,EURO,8,1111060,1,14694
4096,2021-08-17,SE,Sweden,EURO,10,1111070,1,14695
4097,2021-08-18,SE,Sweden,EURO,1781,1112851,0,14695
4098,2021-08-19,SE,Sweden,EURO,1330,1114181,3,14698
4099,2021-08-20,SE,Sweden,EURO,1275,1115456,1,14699
4100,2021-08-21,SE,Sweden,EURO,1028,1116484,2,14701
4101,2021-08-22,SE,Sweden,EURO,1045,1117529,2,14703
4102,2021-08-23,SE,Sweden,EURO,1,1117530,1,14704
4103,2021-08-24,SE,Sweden,EURO,3,1117533,2,14706
4104,2021-08-25,SE,Sweden,EURO,1708,1119241,5,14711
4105,2021-08-26,SE,Sweden,EURO,1270,1120511,5,14716
4106,2021-08-27,SE,Sweden,EURO,1515,1122026,3,14719
4107,2021-08-28,SE,Sweden,EURO,1269,1123295,1,14720
4108,2021-08-29,SE,Sweden,EURO,915,1124210,0,14720
4109,2021-08-30,SE,Sweden,EURO,3,1124213,1,14721
4110,2021-08-31,SE,Sweden,EURO,5,1124218,5,14726
4111,2021-09-01,SE,Sweden,EURO,2353,1126571,3,14729
4112,2021-09-02,SE,Sweden,EURO,1022,1127593,2,14731
4113,2021-09-03,SE,Sweden,EURO,1103,1128696,2,14733
4114,2021-09-04,SE,Sweden,EURO,1425,1130121,6,14739
4115,2021-09-05,SE,Sweden,EURO,1323,1131444,3,14742
4116,2021-09-06,SE,Sweden,EURO,1,1131445,3,14745
4117,2021-09-07,SE,Sweden,EURO,10,1131455,6,14751
4118,2021-09-08,SE,Sweden,EURO,2178,1133633,4,14755
4119,2021-09-09,SE,Sweden,EURO,1399,1135032,4,14759
4120,2021-09-10,SE,Sweden,EURO,1395,1136427,10,14769
4121,2021-09-11,SE,Sweden,EURO,1479,1137906,8,14777
4122,2021-09-12,SE,Sweden,EURO,1515,1139421,11,14788
4123,2021-09-13,SE,Sweden,EURO,2,1139423,4,14792
4124,2021-09-14,SE,Sweden,EURO,0,1139423,8,14800
4125,2021-09-15,SE,Sweden,EURO,2137,1141560,8,14808
4126,2021-09-16,SE,Sweden,EURO,1114,1142674,7,14815
4127,2021-09-17,SE,Sweden,EURO,1184,1143858,8,14823
4128,2021-09-18,SE,Sweden,EURO,994,1144852,12,14835
4129,2021-09-19,SE,Sweden,EURO,829,1145681,7,14842
4130,2021-09-20,SE,Sweden,EURO,1,1145682,3,14845
4131,2021-09-21,SE,Sweden,EURO,0,1145682,6,14851
4132,2021-09-22,SE,Sweden,EURO,1178,1146860,4,14855
4133,2021-09-23,SE,Sweden,EURO,891,1147751,7,14862
4134,2021-09-24,SE,Sweden,EURO,743,1148494,10,14872
4135,2021-09-25,SE,Sweden,EURO,771,1149265,6,14878
4136,2021-09-26,SE,Sweden,EURO,715,1149980,6,14884
4137,2021-09-27,SE,Sweden,EURO,1,1149981,4,14888
4138,2021-09-28,SE,Sweden,EURO,6,1149987,6,14894
4139,2021-09-29,SE,Sweden,EURO,1068,1151055,3,14897
4140,2021-09-30,SE,Sweden,EURO,845,1151900,4,14901
4141,2021-10-01,SE,Sweden,EURO,852,1152752,7,14908
4142,2021-10-02,SE,Sweden,EURO,766,1153518,5,14913
4143,2021-10-03,SE,Sweden,EURO,698,1154216,5,14918
4144,2021-10-04,SE,Sweden,EURO,2,1154218,6,14924
4145,2021-10-05,SE,Sweden,EURO,0,1154218,9,14933
4146,2021-10-06,SE,Sweden,EURO,1192,1155410,5,14938
4147,2021-10-07,SE,Sweden,EURO,738,1156148,6,14944
4148,2021-10-08,SE,Sweden,EURO,842,1156990,11,14955
4149,2021-10-09,SE,Sweden,EURO,741,1157731,8,14963
4150,2021-10-10,SE,Sweden,EURO,599,1158330,8,14971
4151,2021-10-11,SE,Sweden,EURO,16,1158346,6,14977
4152,2021-10-12,SE,Sweden,EURO,9,1158355,5,14982
4153,2021-10-13,SE,Sweden,EURO,1121,1159476,5,14987
4154,2021-10-14,SE,Sweden,EURO,905,1160381,4,14991
4155,2021-10-15,SE,Sweden,EURO,796,1161177,7,14998
4156,2021-10-16,SE,Sweden,EURO,668,1161845,4,15002
4157,2021-10-17,SE,Sweden,EURO,565,1162410,1,15003
4158,2021-10-18,SE,Sweden,EURO,14,1162424,6,15009
4159,2021-10-19,SE,Sweden,EURO,0,1162424,5,15014
4160,2021-10-20,SE,Sweden,EURO,1078,1163502,6,15020
4161,2021-10-21,SE,Sweden,EURO,818,1164320,3,15023
4162,2021-10-22,SE,Sweden,EURO,786,1165106,3,15026
4163,2021-10-23,SE,Sweden,EURO,777,1165883,4,15030
4164,2021-10-24,SE,Sweden,EURO,891,1166774,3,15033
4165,2021-10-25,SE,Sweden,EURO,525,1167299,3,15036
4166,2021-10-26,SE,Sweden,EURO,319,1167618,1,15037
4167,2021-10-27,SE,Sweden,EURO,539,1168157,6,15043
4168,2021-10-28,SE,Sweden,EURO,1262,1169419,4,15047
4169,2021-10-29,SE,Sweden,EURO,891,1170310,4,15051
4170,2021-10-30,SE,Sweden,EURO,1079,1171389,6,15057
4171,2021-10-31,SE,Sweden,EURO,977,1172366,4,15061
4172,2021-11-01,SE,Sweden,EURO,861,1173227,2,15063
4173,2021-11-02,SE,Sweden,EURO,301,1173528,4,15067
4174,2021-11-03,SE,Sweden,EURO,629,1174157,2,15069
4175,2021-11-04,SE,Sweden,EURO,1162,1175319,5,15074
4176,2021-11-05,SE,Sweden,EURO,837,1176156,10,15084
4177,2021-11-06,SE,Sweden,EURO,826,1176982,2,15086
4178,2021-11-07,SE,Sweden,EURO,731,1177713,4,15090
4179,2021-11-08,SE,Sweden,EURO,597,1178310,7,15097
4180,2021-11-09,SE,Sweden,EURO,278,1178588,3,15100
4181,2021-11-10,SE,Sweden,EURO,502,1179090,2,15102
4182,2021-11-11,SE,Sweden,EURO,1321,1180411,8,15110
4183,2021-11-12,SE,Sweden,EURO,1020,1181431,2,15112
4184,2021-11-13,SE,Sweden,EURO,925,1182356,8,15120
4185,2021-11-14,SE,Sweden,EURO,911,1183267,6,15126
4186,2021-11-15,SE,Sweden,EURO,829,1184096,2,15128
4187,2021-11-16,SE,Sweden,EURO,311,1184407,3,15131
4188,2021-11-17,SE,Sweden,EURO,574,1184981,6,15137
4189,2021-11-18,SE,Sweden,EURO,1296,1186277,5,15142
4190,2021-11-19,SE,Sweden,EURO,1205,1187482,4,15146
4191,2021-11-20,SE,Sweden,EURO,1130,1188612,4,15150
4192,2021-11-21,SE,Sweden,EURO,1314,1189926,6,15156
4193,2021-11-22,SE,Sweden,EURO,1092,1191018,2,15158
4194,2021-11-23,SE,Sweden,EURO,482,1191500,3,15161
4195,2021-11-24,SE,Sweden,EURO,953,1192453,3,15164
4196,2021-11-25,SE,Sweden,EURO,2077,1194530,4,15168
4197,2021-11-26,SE,Sweden,EURO,2107,1196637,2,15170
4198,2021-11-27,SE,Sweden,EURO,2114,1198751,0,15170
4199,2021-11-28,SE,Sweden,EURO,2025,1200776,2,15172
4200,2021-11-29,SE,Sweden,EURO,1759,1202535,2,15174
4201,2021-11-30,SE,Sweden,EURO,880,1203415,2,15176
4202,2021-12-01,SE,Sweden,EURO,1347,1204762,6,15182
4203,2021-12-02,SE,Sweden,EURO,2657,1207419,5,15187
4204,2021-12-03,SE,Sweden,EURO,2424,1209843,2,15189
4205,2021-12-04,SE,Sweden,EURO,2208,1212051,4,15193
4206,2021-12-05,SE,Sweden,EURO,2154,1214205,2,15195
4207,2021-12-06,SE,Sweden,EURO,2084,1216289,4,15199
4208,2021-12-07,SE,Sweden,EURO,927,1217216,6,15205
4209,2021-12-08,SE,Sweden,EURO,2254,1219470,5,15210
4210,2021-12-09,SE,Sweden,EURO,3333,1222803,8,15218
4211,2021-12-10,SE,Sweden,EURO,3255,1226058,5,15223
4212,2021-12-11,SE,Sweden,EURO,3072,1229130,6,15229
4213,2021-12-12,SE,Sweden,EURO,2865,1231995,3,15232
4214,2021-12-13,SE,Sweden,EURO,2395,1234390,8,15240
4215,2021-12-14,SE,Sweden,EURO,1475,1235865,3,15243
4216,2021-12-15,SE,Sweden,EURO,2712,1238577,6,15249
4217,2021-12-16,SE,Sweden,EURO,4063,1242640,3,15252
4218,2021-12-17,SE,Sweden,EURO,4008,1246648,5,15257
4219,2021-12-18,SE,Sweden,EURO,4116,1250764,10,15267
4220,2021-12-19,SE,Sweden,EURO,4179,1254943,7,15274
4221,2021-12-20,SE,Sweden,EURO,3389,1258332,12,15286
4222,2021-12-21,SE,Sweden,EURO,2019,1260351,6,15292
4223,2021-12-22,SE,Sweden,EURO,3036,1263387,7,15299
4224,2021-12-23,SE,Sweden,EURO,4668,1268055,6,15305
4225,2021-12-24,SE,Sweden,EURO,5106,1273161,4,15309
4226,2021-12-25,SE,Sweden,EURO,5127,1278288,7,15316
4227,2021-12-26,SE,Sweden,EURO,5815,1284103,8,15324
4228,2021-12-27,SE,Sweden,EURO,2364,1286467,8,15332
4229,2021-12-28,SE,Sweden,EURO,1791,1288258,4,15336
4230,2021-12-29,SE,Sweden,EURO,6125,1294383,11,15347
4231,2021-12-30,SE,Sweden,EURO,9231,1303614,11,15358
4232,2021-12-31,SE,Sweden,EURO,10926,1314540,7,15365
4233,2022-01-01,SE,Sweden,EURO,11462,1326002,10,15375
4234,2022-01-02,SE,Sweden,EURO,10599,1336601,8,15383
4235,2022-01-03,SE,Sweden,EURO,5271,1341872,11,15394
4236,2022-01-04,SE,Sweden,EURO,5727,1347599,12,15406
4237,2022-01-05,SE,Sweden,EURO,9979,1357578,20,15426
4238,2022-01-06,SE,Sweden,EURO,17578,1375156,18,15444
4239,2022-01-07,SE,Sweden,EURO,24083,1399239,17,15461
4240,2022-01-08,SE,Sweden,EURO,17707,1416946,20,15481
4241,2022-01-09,SE,Sweden,EURO,19920,1436866,16,15497
4242,2022-01-10,SE,Sweden,EURO,19499,1456365,22,15519
4243,2022-01-11,SE,Sweden,EURO,16510,1472875,17,15536
4244,2022-01-12,SE,Sweden,EURO,15075,1487950,11,15547
4245,2022-01-13,SE,Sweden,EURO,22923,1510873,30,15577
4246,2022-01-14,SE,Sweden,EURO,26564,1537437,21,15598
4247,2022-01-15,SE,Sweden,EURO,26072,1563509,20,15618
4248,2022-01-16,SE,Sweden,EURO,26185,1589694,30,15648
4249,2022-01-17,SE,Sweden,EURO,25788,1615482,23,15671
4250,2022-01-18,SE,Sweden,EURO,22075,1637557,36,15707
4251,2022-01-19,SE,Sweden,EURO,24197,1661754,35,15742
4252,2022-01-20,SE,Sweden,EURO,39301,1701055,32,15774
4253,2022-01-21,SE,Sweden,EURO,40621,1741676,33,15807
4254,2022-01-22,SE,Sweden,EURO,43715,1785391,31,15838
4255,2022-01-23,SE,Sweden,EURO,39807,1825198,42,15880
4256,2022-01-24,SE,Sweden,EURO,37704,1862902,35,15915
4257,2022-01-25,SE,Sweden,EURO,30982,1893884,35,15950
4258,2022-01-26,SE,Sweden,EURO,33908,1927792,40,15990
4259,2022-01-27,SE,Sweden,EURO,46669,1974461,39,16029
4260,2022-01-28,SE,Sweden,EURO,41677,2016138,50,16079
4261,2022-01-29,SE,Sweden,EURO,53881,2070019,34,16113
4262,2022-01-30,SE,Sweden,EURO,39515,2109534,52,16165
4263,2022-01-31,SE,Sweden,EURO,34327,2143861,45,16210
4264,2022-02-01,SE,Sweden,EURO,15066,2158927,41,16251
4265,2022-02-02,SE,Sweden,EURO,24796,2183723,42,16293
4266,2022-02-03,SE,Sweden,EURO,40929,2224652,54,16347
4267,2022-02-04,SE,Sweden,EURO,35946,2260598,46,16393
4268,2022-02-05,SE,Sweden,EURO,28293,2288891,58,16451
4269,2022-02-06,SE,Sweden,EURO,25700,2314591,51,16502
4270,2022-02-07,SE,Sweden,EURO,19986,2334577,56,16558
4271,2022-02-08,SE,Sweden,EURO,10068,2344645,50,16608
4272,2022-02-09,SE,Sweden,EURO,9653,2354298,59,16667
4273,2022-02-10,SE,Sweden,EURO,19604,2373902,57,16724
4274,2022-02-11,SE,Sweden,EURO,15839,2389741,38,16762
4275,2022-02-12,SE,Sweden,EURO,7421,2397162,46,16808
4276,2022-02-13,SE,Sweden,EURO,5829,2402991,48,16856
4277,2022-02-14,SE,Sweden,EURO,2817,2405808,32,16888
4278,2022-02-15,SE,Sweden,EURO,1175,2406983,48,16936
4279,2022-02-16,SE,Sweden,EURO,2546,2409529,65,17001
4280,2022-02-17,SE,Sweden,EURO,4884,2414413,53,17054
4281,2022-02-18,SE,Sweden,EURO,4044,2418457,56,17110
4282,2022-02-19,SE,Sweden,EURO,4215,2422672,57,17167
4283,2022-02-20,SE,Sweden,EURO,3419,2426091,46,17213
4284,2022-02-21,SE,Sweden,EURO,1968,2428059,47,17260
4285,2022-02-22,SE,Sweden,EURO,1084,2429143,37,17297
4286,2022-02-23,SE,Sweden,EURO,2293,2431436,54,17351
4287,2022-02-24,SE,Sweden,EURO,3438,2434874,47,17398
4288,2022-02-25,SE,Sweden,EURO,3095,2437969,38,17436
4289,2022-02-26,SE,Sweden,EURO,3510,2441479,45,17481
4290,2022-02-27,SE,Sweden,EURO,2752,2444231,48,17529
4291,2022-02-28,SE,Sweden,EURO,1483,2445714,53,17582
4292,2022-03-01,SE,Sweden,EURO,1089,2446803,34,17616
4293,2022-03-02,SE,Sweden,EURO,1456,2448259,45,17661
4294,2022-03-03,SE,Sweden,EURO,3075,2451334,34,17695
4295,2022-03-04,SE,Sweden,EURO,2446,2453780,41,17736
4296,2022-03-05,SE,Sweden,EURO,2086,2455866,42,17778
4297,2022-03-06,SE,Sweden,EURO,1892,2457758,41,17819
4298,2022-03-07,SE,Sweden,EURO,1267,2459025,34,17853
4299,2022-03-08,SE,Sweden,EURO,326,2459351,36,17889
4300,2022-03-09,SE,Sweden,EURO,1430,2460781,30,17919
4301,2022-03-10,SE,Sweden,EURO,2219,2463000,31,17950
4302,2022-03-11,SE,Sweden,EURO,2102,2465102,20,17970
4303,2022-03-12,SE,Sweden,EURO,1623,2466725,30,18000
4304,2022-03-13,SE,Sweden,EURO,1513,2468238,33,18033
4305,2022-03-14,SE,Sweden,EURO,818,2469056,27,18060
4306,2022-03-15,SE,Sweden,EURO,405,2469461,33,18093
4307,2022-03-16,SE,Sweden,EURO,880,2470341,35,18128
4308,2022-03-17,SE,Sweden,EURO,1711,2472052,30,18158
4309,2022-03-18,SE,Sweden,EURO,1785,2473837,29,18187
4310,2022-03-19,SE,Sweden,EURO,1863,2475700,33,18220
4311,2022-03-20,SE,Sweden,EURO,1301,2477001,24,18244
4312,2022-03-21,SE,Sweden,EURO,620,2477621,23,18267
4313,2022-03-22,SE,Sweden,EURO,342,2477963,21,18288
4314,2022-03-23,SE,Sweden,EURO,922,2478885,14,18302
4315,2022-03-24,SE,Sweden,EURO,1613,2480498,29,18331
4316,2022-03-25,SE,Sweden,EURO,1262,2481760,23,18354
4317,2022-03-26,SE,Sweden,EURO,1335,2483095,30,18384
4318,2022-03-27,SE,Sweden,EURO,1151,2484246,22,18406
4319,2022-03-28,SE,Sweden,EURO,508,2484754,23,18429
4320,2022-03-29,SE,Sweden,EURO,249,2485003,15,18444
4321,2022-03-30,SE,Sweden,EURO,715,2485718,17,18461
4322,2022-03-31,SE,Sweden,EURO,1103,2486821,14,18475
4323,2022-04-01,SE,Sweden,EURO,1071,2487892,25,18500
4324,2022-04-02,SE,Sweden,EURO,796,2488688,17,18517
4325,2022-04-03,SE,Sweden,EURO,756,2489444,15,18532
4326,2022-04-04,SE,Sweden,EURO,327,2489771,14,18546
4327,2022-04-05,SE,Sweden,EURO,184,2489955,19,18565
4328,2022-04-06,SE,Sweden,EURO,206,2490161,24,18589
4329,2022-04-07,SE,Sweden,EURO,1035,2491196,19,18608
4330,2022-04-08,SE,Sweden,EURO,815,2492011,14,18622
4331,2022-04-09,SE,Sweden,EURO,862,2492873,13,18635
4332,2022-04-10,SE,Sweden,EURO,627,2493500,16,18651
4333,2022-04-11,SE,Sweden,EURO,354,2493854,16,18667
4334,2022-04-12,SE,Sweden,EURO,192,2494046,18,18685
4335,2022-04-13,SE,Sweden,EURO,553,2494599,11,18696
4336,2022-04-14,SE,Sweden,EURO,740,2495339,12,18708
4337,2022-04-15,SE,Sweden,EURO,686,2496025,13,18721
4338,2022-04-16,SE,Sweden,EURO,528,2496553,8,18729
4339,2022-04-17,SE,Sweden,EURO,311,2496864,7,18736
4340,2022-04-18,SE,Sweden,EURO,138,2497002,7,18743
4341,2022-04-19,SE,Sweden,EURO,118,2497120,13,18756
4342,2022-04-20,SE,Sweden,EURO,145,2497265,11,18767
4343,2022-04-21,SE,Sweden,EURO,465,2497730,6,18773
4344,2022-04-22,SE,Sweden,EURO,667,2498397,11,18784
4345,2022-04-23,SE,Sweden,EURO,545,2498942,10,18794
4346,2022-04-24,SE,Sweden,EURO,413,2499355,9,18803
4347,2022-04-25,SE,Sweden,EURO,213,2499568,14,18817
4348,2022-04-26,SE,Sweden,EURO,78,2499646,8,18825
4349,2022-04-27,SE,Sweden,EURO,387,2500033,6,18831
4350,2022-04-28,SE,Sweden,EURO,453,2500486,9,18840
4351,2022-04-29,SE,Sweden,EURO,428,2500914,4,18844
4352,2022-04-30,SE,Sweden,EURO,372,2501286,10,18854
4353,2022-05-01,SE,Sweden,EURO,402,2501688,5,18859
4354,2022-05-02,SE,Sweden,EURO,177,2501865,8,18867
4355,2022-05-03,SE,Sweden,EURO,106,2501971,8,18875
4356,2022-05-04,SE,Sweden,EURO,265,2502236,2,18877
4357,2022-05-05,SE,Sweden,EURO,456,2502692,10,18887
4358,2022-05-06,SE,Sweden,EURO,382,2503074,6,18893
4359,2022-05-07,SE,Sweden,EURO,319,2503393,8,18901
4360,2022-05-08,SE,Sweden,EURO,281,2503674,5,18906
4361,2022-05-09,SE,Sweden,EURO,174,2503848,9,18915
4362,2022-05-10,SE,Sweden,EURO,70,2503918,10,18925
4363,2022-05-11,SE,Sweden,EURO,204,2504122,3,18928
4364,2022-05-12,SE,Sweden,EURO,367,2504489,4,18932
4365,2022-05-13,SE,Sweden,EURO,369,2504858,5,18937
4366,2022-05-14,SE,Sweden,EURO,307,2505165,3,18940
4367,2022-05-15,SE,Sweden,EURO,228,2505393,7,18947
4368,2022-05-16,SE,Sweden,EURO,100,2505493,3,18950
4369,2022-05-17,SE,Sweden,EURO,88,2505581,7,18957
4370,2022-05-18,SE,Sweden,EURO,216,2505797,4,18961
4371,2022-05-19,SE,Sweden,EURO,298,2506095,3,18964
4372,2022-05-20,SE,Sweden,EURO,476,2506571,2,18966
4373,2022-05-21,SE,Sweden,EURO,414,2506985,4,18970
4374,2022-05-22,SE,Sweden,EURO,231,2507216,3,18973
4375,2022-05-23,SE,Sweden,EURO,114,2507330,3,18976
4376,2022-05-24,SE,Sweden,EURO,74,2507404,1,18977
4377,2022-05-25,SE,Sweden,EURO,234,2507638,0,18977
4378,2022-05-26,SE,Sweden,EURO,310,2507948,0,18977
4379,2022-05-27,SE,Sweden,EURO,0,2507948,0,18977
